"","baseMean","log2FoldChange","lfcSE","stat","pvalue","padj","mapIds"
"ENSMUSG00000062006",3894.16788519591,5.24875445370727,0.377938255557586,13.8878623069358,7.50416761006547e-44,1.10363793041233e-39,"Rpl34"
"ENSMUSG00000059775",218.363558102535,4.59902708516666,0.612850052332076,7.50432682132604,6.17450795079713e-14,4.54042442161867e-10,"Rps26-ps1"
"ENSMUSG00000083833",807.773991052758,1.67057494552633,0.240163912368351,6.95597822775343,3.50123936049439e-12,1.71642424249303e-08,NA
"ENSMUSG00000035284",675.470596408012,-1.89193092298202,0.322814284231151,-5.86074103718192,4.60806122972366e-09,1.69426891263865e-05,"Vps13c"
"ENSMUSG00000074516",264.189782878212,2.01740172195306,0.350722927597678,5.75212386533014,8.81291881419324e-09,2.5922319400068e-05,NA
"ENSMUSG00000024331",4669.44100031861,-0.825526695678131,0.15792483995546,-5.22733913113958,1.71966906738935e-07,0.000313090553787537,"Dsc2"
"ENSMUSG00000025792",3412.18307408331,0.940551476064752,0.180126576277977,5.22161413101675,1.77370259548539e-07,0.000313090553787537,"Slc25a10"
"ENSMUSG00000027508",399.005765628878,-1.28545718792529,0.246856236516792,-5.20731096796839,1.91596857556798e-07,0.000313090553787537,"Pag1"
"ENSMUSG00000072872",293.131979939258,-1.39577641242288,0.267236520581996,-5.22300024481351,1.76047157352384e-07,0.000313090553787537,"Rybp"
"ENSMUSG00000066116",85.5616106330145,2.74212694330598,0.529121110323309,5.18241833449144,2.19027276332085e-07,0.000322123415301597,"Gm10154"
"ENSMUSG00000066554",40.8099387576672,-3.37024344852179,0.653902242155792,-5.15404785493735,2.54922841906043e-07,0.00034083183962838,"Gm10167"
"ENSMUSG00000034875",1859.16661951563,1.0395746695559,0.205022325926525,5.07054373155664,3.96680748915888e-07,0.0003962867834135,"Nudt19"
"ENSMUSG00000041439",3834.79242992765,-0.874060977445616,0.172088504613772,-5.07913633979979,3.79154547419286e-07,0.0003962867834135,"Mfsd6"
"ENSMUSG00000046804",4492.27841000222,1.21628372306916,0.240041266512879,5.06697761071805,4.04181801264874e-07,0.0003962867834135,"Phgr1"
"ENSMUSG00000063427",3133.88971687879,1.17767234313659,0.231824034299913,5.08002695532863,3.77381317462366e-07,0.0003962867834135,NA
"ENSMUSG00000027660",1167.8949277584,-1.05399329586276,0.212356598839895,-4.96331784187883,6.92990353419183e-07,0.000636988070483495,"Skil"
"ENSMUSG00000017057",2336.75214467146,-0.981415693744739,0.20006000651918,-4.90560662683298,9.31390259329716e-07,0.000736158132443016,"Il13ra1"
"ENSMUSG00000058258",1164.65675035653,-1.26834706264113,0.258766770872879,-4.90150670568211,9.51044027770266e-07,0.000736158132443016,"Idi1"
"ENSMUSG00000066233",155.017348314355,1.84502292129064,0.374809716797276,4.92255893752232,8.54198267370092e-07,0.000736158132443016,"Tmem42"
"ENSMUSG00000020048",9272.35799153608,-0.784497437920869,0.161256880927468,-4.86489279346615,1.14518863464704e-06,0.000829001962233855,"Hsp90b1"
"ENSMUSG00000020964",1844.72399821268,-0.720131768473725,0.148225811696127,-4.85834255338768,1.18372483898218e-06,0.000829001962233855,"Sel1l"
"ENSMUSG00000002395",1296.95429993599,1.11408100848533,0.230377648308737,4.83589018580621,1.3255108780831e-06,0.000886104021998554,"Use1"
"ENSMUSG00000004667",1411.31624143251,0.89876004436765,0.188140778915209,4.7770613555964,1.77875512560109e-06,0.00104640606528861,"Polr2e"
"ENSMUSG00000021733",2434.57732634175,-1.11250296179304,0.232578272006057,-4.78334864300679,1.72398718484584e-06,0.00104640606528861,"Slc4a7"
"ENSMUSG00000080921",472.645343740789,1.44235574506387,0.301250233295317,4.78789918031341,1.68536274216854e-06,0.00104640606528861,NA
"ENSMUSG00000073664",934.634028901038,-0.948308746170207,0.199747277964938,-4.74754277420825,2.05902854075115e-06,0.00116469741341643,"Nbeal1"
"ENSMUSG00000046062",3321.30049643453,-0.771505904573629,0.163414996101454,-4.72114507835406,2.34520579306245e-06,0.00123181934280605,"Ppp1r15b"
"ENSMUSG00000068882",1912.39476905227,-0.69954056773098,0.148105284425592,-4.72326541516774,2.32087635769206e-06,0.00123181934280605,"Ssb"
"ENSMUSG00000025486",329.164731600112,0.997522247261143,0.213857069308666,4.66443429008834,3.09467197285323e-06,0.001524714745237,"Sirt3"
"ENSMUSG00000032641",81.1310086409849,2.56407797557566,0.549829445216303,4.66340607598227,3.11018170647378e-06,0.001524714745237,"Gpr19"
"ENSMUSG00000028672",2026.14793660341,0.715499626765572,0.155104691441767,4.61301086456305,3.96877548952035e-06,0.00188286390723793,"Hmgcl"
"ENSMUSG00000073643",775.119870857926,-0.99444206317789,0.215928017915849,-4.60543320304752,4.11608095216037e-06,0.00189172508010695,"Wdfy1"
"ENSMUSG00000037966",534.878503818976,1.15713623117758,0.252332474346858,4.58576025211473,4.5233742778304e-06,0.00195662545600152,"Ninj1"
"ENSMUSG00000059291",11044.7742074861,0.942690907737535,0.205464115745519,4.5881048586855,4.47287968409958e-06,0.00195662545600152,"Rpl11"
"ENSMUSG00000029055",1503.24979596062,0.893212379735512,0.19540315321935,4.57112572146078,4.85111115792757e-06,0.00203843690856117,"Plch2"
"ENSMUSG00000002825",406.752554489824,1.16476924604281,0.256489693956412,4.5411931687234,5.59367499718149e-06,0.00205665445458871,"Qtrt1"
"ENSMUSG00000020300",1244.17711465804,-0.943030527852468,0.207576062904368,-4.54306009400963,5.54434374818103e-06,0.00205665445458871,"Cpeb4"
"ENSMUSG00000020308",624.95180373761,1.42256339387336,0.312936270617649,4.5458565447387,5.47122930584581e-06,0.00205665445458871,"Tpgs1"
"ENSMUSG00000021171",2444.13278433409,-0.661943719751847,0.145493624967656,-4.54964071380448,5.3737589313388e-06,0.00205665445458871,"Esyt2"
"ENSMUSG00000034187",1208.6337436852,-0.688172429430476,0.151166515076164,-4.55241313913829,5.30340596244288e-06,0.00205665445458871,"Nsf"
"ENSMUSG00000019726",183.6961146989,-1.34425748603846,0.296639076376605,-4.53162645480945,5.85312827760271e-06,0.00208191492852605,"Lyst"
"ENSMUSG00000061531",2211.31902369945,-1.16576329891018,0.25743846142221,-4.52831831137415,5.94549717808486e-06,0.00208191492852605,"Tmem236"
"ENSMUSG00000001823",43.8102501446822,4.52958062465182,1.00493297140701,4.50734601563519,6.56435372279889e-06,0.00219413523184553,"Hoxd12"
"ENSMUSG00000029840",2628.57789268907,-0.704216541853319,0.156158661418489,-4.50962204373724,6.49432250458012e-06,0.00219413523184553,"Mtpn"
"ENSMUSG00000075702",2235.84170929579,1.15008766952925,0.255447621501847,4.502244580582,6.72395388002735e-06,0.00219753754919027,"Selenom"
"ENSMUSG00000040322",3059.67019472538,-0.902859845005683,0.201024188178133,-4.49129954553347,7.07899072835685e-06,0.00223452228208829,"Slc25a24"
"ENSMUSG00000042303",2443.03888327196,0.814661210381519,0.181461563802785,4.48944224500844,7.14099049827629e-06,0.00223452228208829,"Sgsm3"
"ENSMUSG00000003344",1091.43722925933,0.806677013478736,0.182262171877887,4.42591572989265,9.60340116880514e-06,0.00244389557613334,"Btbd2"
"ENSMUSG00000003970",20896.5900554536,0.842630285855551,0.190119294388063,4.43211347153231,9.33138845486502e-06,0.00244389557613334,"Rpl8"
"ENSMUSG00000006262",1814.11825723714,-0.695442739996961,0.156209211079996,-4.45199572540457,8.50758600727494e-06,0.00244389557613334,"Mob1b"
"ENSMUSG00000019769",130.511199912902,-1.51597119262125,0.342912289480144,-4.42087157307622,9.8303588781443e-06,0.00244389557613334,NA
"ENSMUSG00000022793",1134.72203309218,0.984159406426441,0.221987234634266,4.43340540751313,9.27562134695252e-06,0.00244389557613334,"B4galt4"
"ENSMUSG00000026341",6708.06805258321,-0.676165533787982,0.152339874511382,-4.43853282639709,9.05741720550269e-06,0.00244389557613334,"Actr3"
"ENSMUSG00000026409",1113.19711351477,-0.816934623285209,0.183038007247685,-4.46319666373848,8.07458784449212e-06,0.00244389557613334,"Pfkfb2"
"ENSMUSG00000026786",122.809540267284,2.31270175712313,0.52055657554515,4.44274813876121,8.8817110878835e-06,0.00244389557613334,"Apbb1ip"
"ENSMUSG00000039850",490.786332337512,1.21367448784454,0.274286987927008,4.42483435695284,9.65163108264691e-06,0.00244389557613334,"Endov"
"ENSMUSG00000046056",24.3682759771794,3.84329739190177,0.87203865049516,4.40725579046235,1.04688530153261e-05,0.00244389557613334,"Sbsn"
"ENSMUSG00000054387",734.428640411272,-1.15113457439523,0.259137260181784,-4.44218084882009,8.90516621992415e-06,0.00244389557613334,"Mdm4"
"ENSMUSG00000059278",577.620705218672,1.36217211130494,0.306246551988489,4.44795901361248,8.66900656587586e-06,0.00244389557613334,"Naa38"
"ENSMUSG00000062456",1300.13236881447,1.15979179422217,0.263085758765903,4.40841723878399,1.04128796112451e-05,0.00244389557613334,"Rpl9-ps6"
"ENSMUSG00000067038",2978.49689232921,1.29872953862614,0.294168868127945,4.41491156726099,1.01051290766711e-05,0.00244389557613334,"Rps12-ps3"
"ENSMUSG00000071532",653.00466464102,0.999335548557287,0.2265165775372,4.4117545807135,1.02536298871425e-05,0.00244389557613334,"Gm10335"
"ENSMUSG00000072692",770.853742484472,1.40996191027239,0.319204229588135,4.41711537497998,1.00026844826394e-05,0.00244389557613334,"Rpl37rt"
"ENSMUSG00000037234",536.866280256899,-1.14035149899753,0.25910862831159,-4.40105567471186,1.07725476709238e-05,0.00247549779056683,"Hook3"
"ENSMUSG00000028234",13351.5884159332,1.44781962180259,0.329384539989125,4.39552998404355,1.10502808554587e-05,0.00250025354678817,"Rps20"
"ENSMUSG00000068240",3405.16877348203,1.76922365730362,0.403793577318335,4.38150519642573,1.17862232386694e-05,0.00262636341168349,"Gm11808"
"ENSMUSG00000078762",282.261299113615,1.41372195106527,0.323033635926812,4.37639240572945,1.20659709259143e-05,0.00264857066279735,"Haus5"
"ENSMUSG00000031557",994.285179468904,-0.848867796004584,0.194279558266594,-4.36931092276705,1.2463920211904e-05,0.00269568933171283,"Plekha2"
"ENSMUSG00000020152",4519.6094466723,-0.642180482307326,0.147555104777444,-4.35214005829159,1.34815089613479e-05,0.00282091683674859,"Actr2"
"ENSMUSG00000042650",2126.65213318305,-0.860702238886921,0.197865952157514,-4.34992594482221,1.36183514931087e-05,0.00282091683674859,"Alkbh5"
"ENSMUSG00000074884",2357.65343699868,0.929254179802288,0.213379287193911,4.35494087557719,1.33102838661324e-05,0.00282091683674859,"Serf2"
"ENSMUSG00000025757",1248.80572823027,-0.955734271806109,0.220031848514923,-4.34361788194171,1.40155215237342e-05,0.00286096548274326,"Hspa4l"
"ENSMUSG00000030087",15.0981751959628,7.39360683705909,1.70671954753121,4.33205727780761,1.47722496981596e-05,0.00286096548274326,"Klf15"
"ENSMUSG00000030655",2899.74220327196,-0.789866555854596,0.18219392466634,-4.33530677436756,1.45556984662643e-05,0.00286096548274326,"Smg1"
"ENSMUSG00000049598",40.2776975660994,7.10068146301637,1.63916964582427,4.33187710686634,1.47843460045208e-05,0.00286096548274326,"Vsig8"
"ENSMUSG00000052144",988.63311025558,-0.85135872841761,0.196344000630395,-4.3360567457329,1.45061509958904e-05,0.00286096548274326,"Ppp4r2"
"ENSMUSG00000022533",2612.1683331026,-0.659142860247612,0.152470184460909,-4.32309347941144,1.53856503364277e-05,0.00289098205309374,"Atp13a3"
"ENSMUSG00000029992",19417.9115515443,-0.659634531593504,0.152656239146232,-4.32104534529787,1.55291753718913e-05,0.00289098205309374,"Gfpt1"
"ENSMUSG00000049799",852.212402081948,-1.0669935127141,0.24681191459675,-4.32310374666226,1.53849340445787e-05,0.00289098205309374,"Lrrc19"
"ENSMUSG00000041841",6846.17879886498,1.18450426673792,0.275406130918991,4.300936448965,1.70077835770308e-05,0.0031266684133424,"Rpl37"
"ENSMUSG00000035093",1249.68971103669,-0.885440686731568,0.206155917190662,-4.29500495934188,1.74689431436704e-05,0.00317179934338223,"Secisbp2l"
"ENSMUSG00000031807",2269.24759336785,1.19585743838792,0.278758214271061,4.28994511072983,1.78717283345959e-05,0.00320535986118173,"Pgls"
"ENSMUSG00000025860",1455.54172586672,-0.864590858077181,0.201886165671423,-4.28256614415242,1.8475018668777e-05,0.00327363975375546,"Xiap"
"ENSMUSG00000027248",17412.8364604052,-0.688656712162907,0.160956687492585,-4.27852189859854,1.88138483179547e-05,0.00329399127633524,"Pdia3"
"ENSMUSG00000060657",912.401954510791,-0.897436402269365,0.210753411094403,-4.25822954707658,2.06052309196727e-05,0.00350833854506473,"Marf1"
"ENSMUSG00000067851",3157.79710248269,-0.703861904862971,0.165354568558858,-4.25668253981402,2.07482641807751e-05,0.00350833854506473,"Arfgef1"
"ENSMUSG00000073702",10253.143715525,1.23853943070475,0.290967586930272,4.25662337091022,2.07537535473333e-05,0.00350833854506473,"Rpl31"
"ENSMUSG00000032328",2185.18368344304,-0.71560094472243,0.168312647070685,-4.2516171967868,2.12232399513533e-05,0.00354693397686991,"Tmem30a"
"ENSMUSG00000092149",14.6155853128219,7.7618230056722,1.82701218357596,4.248369592413,2.15331934820313e-05,0.00355829973640713,NA
"ENSMUSG00000035248",1172.25530854424,-0.90035182605604,0.212331527056654,-4.24031154740299,2.23209765623363e-05,0.00364749558113645,"Tut7"
"ENSMUSG00000005610",12411.6014448609,-0.61677567936274,0.145878443887035,-4.22801109559652,2.35766167941969e-05,0.00381034399112367,"Eif4g2"
"ENSMUSG00000042831",595.063824083618,1.17426883335111,0.278059438432783,4.22308568257781,2.40980153759382e-05,0.00381085496918197,"Alkbh6"
"ENSMUSG00000058773",9.9061018941658,7.60003604424904,1.79932327513711,4.22383023065709,2.4018500574263e-05,0.00381085496918197,"H1f5"
"ENSMUSG00000067344",37.676826460019,3.96468410412589,0.939656871878906,4.21928921372994,2.45073729152858e-05,0.00383436099430966,NA
"ENSMUSG00000092260",47.7675197594009,2.26624682812458,0.538383744667212,4.20935225212901,2.5610384852547e-05,0.00396475715817272,"Zfp963"
"ENSMUSG00000024991",5037.1786599073,-0.706787318037852,0.16828524050775,-4.19993646445366,2.66989889912675e-05,0.00396802357426003,"Eif3a"
"ENSMUSG00000033964",421.751643460841,-1.01810381357546,0.242101365398937,-4.20527910653383,2.60760159630302e-05,0.00396802357426003,"Zbtb41"
"ENSMUSG00000040938",111.222838049903,1.58447400478294,0.377270345409208,4.19983713022644,2.67107046883622e-05,0.00396802357426003,"Slc16a11"
"ENSMUSG00000084174",4024.83144719495,-3.14643149932534,0.748648704035586,-4.20281432715308,2.63616814013807e-05,0.00396802357426003,"Sycn"
"ENSMUSG00000002768",1102.33750113404,0.926048492823729,0.221436529729293,4.18200417950835,2.88950656848798e-05,0.00420752208938146,"Mea1"
"ENSMUSG00000058587",1838.14908945842,-0.677845709222107,0.162013277970741,-4.18388984972282,2.86563001379975e-05,0.00420752208938146,"Tmod3"
"ENSMUSG00000000253",413.328321839369,1.32502398927791,0.318935002006087,4.15452672470431,3.25961520044054e-05,0.00465081892714813,"Gmpr"
"ENSMUSG00000026878",2877.90132993135,-0.589681865571114,0.142006901867931,-4.15248736374468,3.28880919578028e-05,0.00465081892714813,"Rab14"
"ENSMUSG00000060032",4059.21545257536,1.12163752008561,0.269996822416406,4.15426192814875,3.26339187768586e-05,0.00465081892714813,"H2aj"
"ENSMUSG00000047036",498.372434468663,-1.52173095107735,0.366815355634832,-4.14849304343803,3.34671014988816e-05,0.00468762534994335,"Zfp445"
"ENSMUSG00000066861",1172.45392389002,0.86971885810191,0.209872555398577,4.14403329892369,3.41250159844788e-05,0.00473468500078991,"Oas1g"
"ENSMUSG00000073405",98.1390356254534,2.38923861431429,0.577413630106007,4.13782856818889,3.506081678308e-05,0.00481906011615661,"H2-T-ps"
"ENSMUSG00000041679",64.645678160767,2.40844150025452,0.582924090022279,4.13165546162704,3.60159981194332e-05,0.00490451189206022,"Fbxl9"
"ENSMUSG00000030865",916.176319798514,-1.07591333768782,0.261450671677246,-4.11516761760707,3.86898155465327e-05,0.00522028547929226,"Chp2"
"ENSMUSG00000078185",53.9752929508344,-2.91198503696051,0.709857101952175,-4.1022130073113,4.0921727652654e-05,0.00547123498715984,"Chml"
"ENSMUSG00000027765",512.044552759278,-0.860706183051507,0.209965211249045,-4.09927996133894,4.14437474297216e-05,0.00549110985089113,"P2ry1"
"ENSMUSG00000028273",1068.30726812625,-0.896548170710601,0.218867074812094,-4.09631357973931,4.1978122890746e-05,0.00551225226209108,"Pdlim5"
"ENSMUSG00000061808",318.319218092727,2.3088392027145,0.563974632990018,4.09387065952551,4.24231020843555e-05,0.00551802173814642,"Ttr"
"ENSMUSG00000063457",16527.2797305775,1.36845711454658,0.334425035560808,4.09196970631031,4.27724538076217e-05,0.00551802173814642,"Rps15"
"ENSMUSG00000037129",206.085597339426,1.65694541736456,0.405404768714284,4.08713844836965,4.36726521317461e-05,0.00553701461122061,"Tmprss13"
"ENSMUSG00000060376",857.749516980429,1.37398585734913,0.336161431161284,4.08727988991073,4.36460441552858e-05,0.00553701461122061,"Bckdha"
"ENSMUSG00000024077",878.53890896548,-0.833036858831375,0.204306313515851,-4.07739166008076,4.55437395520445e-05,0.00572488698796512,"Strn"
"ENSMUSG00000027510",308.05217151485,1.15223247820796,0.283048696775994,4.07079238071829,4.68534941514112e-05,0.00579054065953618,"Rbm38"
"ENSMUSG00000037805",15063.6170485621,1.07576923159431,0.26422386728566,4.07143095226618,4.67252131968756e-05,0.00579054065953618,"Rpl10a"
"ENSMUSG00000027994",109.143863904708,1.96248594439456,0.482508198386733,4.06725927343024,4.75693074962408e-05,0.00581889767326232,"Mcub"
"ENSMUSG00000038569",39.1944398066396,3.1558578317454,0.776201871108096,4.0657694205763,4.78742516124798e-05,0.00581889767326232,"Rad9b"
"ENSMUSG00000022629",901.300996593801,-0.791517513852053,0.19504102598457,-4.05821036808262,4.9450213373506e-05,0.00589052860534692,"Kif21a"
"ENSMUSG00000034793",1234.34204233215,0.934603768067281,0.230278815313886,4.0585746751969,4.93731455148886e-05,0.00589052860534692,"G6pc3"
"ENSMUSG00000079017",88.6325819623382,3.06976704049328,0.756622601865372,4.057197119046,4.9665162647924e-05,0.00589052860534692,"Ifi27l2a"
"ENSMUSG00000037400",3200.55437710263,-0.689174830127509,0.170015600896412,-4.05359759042003,5.04359454244526e-05,0.00593409159485939,"Atp11b"
"ENSMUSG00000020163",3439.23724083093,1.16975345243944,0.288712812641336,4.05161600463019,5.08650961630541e-05,0.0059370870576987,"Uqcr11"
"ENSMUSG00000023908",460.016332095975,0.998194276364695,0.246815741872354,4.04428935039699,5.24820707473996e-05,0.0060775890904095,"Pkmyt1"
"ENSMUSG00000022570",2825.94315621023,0.760977387064722,0.188353243904501,4.04016077074071,5.34145732343465e-05,0.00613725100435573,"Gfus"
"ENSMUSG00000074129",27288.530509935,0.994343165920248,0.247028479873457,4.02521671359356,5.69228690676707e-05,0.00648964833626537,"Rpl13a"
"ENSMUSG00000009614",38.7828344949787,4.16593774902642,1.03634989623046,4.01981778951229,5.82431697936539e-05,0.00649604075547778,"Sardh"
"ENSMUSG00000026393",690.647500584224,-0.807153350946891,0.200830647169094,-4.0190745900813,5.8427173308652e-05,0.00649604075547778,"Nek7"
"ENSMUSG00000026966",824.011782975874,1.05824898282384,0.263390608097566,4.01779315696722,5.87457279172193e-05,0.00649604075547778,"Ssna1"
"ENSMUSG00000072769",31.6515326750841,3.66717102972846,0.911621731639559,4.02268934850096,5.75373645304154e-05,0.00649604075547778,NA
"ENSMUSG00000002881",1452.1595204756,-0.775597158697168,0.193160380789695,-4.0153014584373,5.93698597402596e-05,0.00651606363582088,"Nab1"
"ENSMUSG00000059534",5670.13039032952,1.1637819488898,0.289996229198679,4.01309338437114,5.99281910208236e-05,0.00652862152106113,"Uqcr10"
"ENSMUSG00000026860",1607.58020924462,0.827301983768273,0.206583383621967,4.00468793406045,6.20994050592378e-05,0.00666639379712562,"Sh3glb2"
"ENSMUSG00000066232",1403.28675808821,-0.871813128306103,0.21760926510865,-4.00632357207226,6.16711514080927e-05,0.00666639379712562,"Ipo7"
"ENSMUSG00000006019",414.302248706549,0.962798862345357,0.240600694577584,4.0016462298071,6.29033008301516e-05,0.00670375974861622,"Dhx34"
"ENSMUSG00000022656",1579.00890456003,-0.664850977611756,0.166326623031794,-3.99726132529407,6.40795474406531e-05,0.00674238623221461,"Nectin3"
"ENSMUSG00000038274",13388.7894055336,1.0102962704557,0.252771187956162,3.99688065172567,6.41826390501153e-05,0.00674238623221461,"Fau"
"ENSMUSG00000017688",736.628052016122,-0.770163424581673,0.192900596328753,-3.99254040287731,6.53691906119553e-05,0.00677322525149043,"Hnf4g"
"ENSMUSG00000032601",2593.37984118475,-0.776623131073249,0.194523504397551,-3.99243851522463,6.53972928341362e-05,0.00677322525149043,"Prkar2a"
"ENSMUSG00000066735",549.662984735821,-0.7887445309083,0.197642022470541,-3.99077342484624,6.58581744556232e-05,0.00677325994208987,"Vkorc1l1"
"ENSMUSG00000062619",459.571312358923,1.19489026455803,0.299613470035368,3.98810595670809,6.66029172109624e-05,0.00680228544042794,"2310039H08Rik"
"ENSMUSG00000019471",3078.99066484261,0.517055894656392,0.129754238359374,3.98488636050815,6.7512427011826e-05,0.00684762251077879,"Cdc37"
"ENSMUSG00000000303",20707.6000597414,-0.836623643223947,0.210622557510637,-3.97214644581313,7.12279066351707e-05,0.0070788899996828,"Cdh1"
"ENSMUSG00000040339",1038.05695786634,-0.889045944054012,0.223800510801773,-3.97249291732612,7.11243516452051e-05,0.0070788899996828,"Eeig2"
"ENSMUSG00000059890",1425.62841568778,-0.602980440341726,0.151803270003468,-3.97211759883665,7.12365349801492e-05,0.0070788899996828,"Ube4a"
"ENSMUSG00000074240",19.8210347088077,4.34919342153764,1.09611630160787,3.9678211291611,7.25327397459472e-05,0.00715932217076272,"Cib3"
"ENSMUSG00000020133",922.171365184834,1.03868111988499,0.262124645923115,3.96254658247456,7.4154532583342e-05,0.00727060473802141,"2310011J03Rik"
"ENSMUSG00000025931",428.415413232168,-0.955654677721926,0.241325984083315,-3.96001566657653,7.4944846559755e-05,0.00727080335324691,"Paqr8"
"ENSMUSG00000074732",94.6584295713971,-1.52711194074131,0.385694938617929,-3.95937770460109,7.51453124154165e-05,0.00727080335324691,NA
"ENSMUSG00000028414",338.540133932271,-1.15248897506657,0.291422870365229,-3.95469639572968,7.66319009887061e-05,0.00731834654442143,"Fktn"
"ENSMUSG00000052911",315.440616994914,1.16910027757728,0.295586773394624,3.95518467944594,7.64755531333961e-05,0.00731834654442143,"Lamb2"
"ENSMUSG00000020392",993.749263934323,0.751521707713003,0.190440588495663,3.94622655626859,7.93924958966882e-05,0.00753306733646834,"Cdkn2aipnl"
"ENSMUSG00000025323",80.152264663231,-1.68714081847251,0.42853539068561,-3.93699296520939,8.25090247920618e-05,0.0076307743946964,"Sp4"
"ENSMUSG00000026930",100.821664445889,1.77708828247964,0.450860003271499,3.94155229912802,8.09559781022235e-05,0.0076307743946964,"Gpsm1"
"ENSMUSG00000027200",739.544157133915,-1.02600885427625,0.260547519937957,-3.93789530032974,8.21994445721765e-05,0.0076307743946964,"Sema6d"
"ENSMUSG00000032036",22.8155737068634,6.08927311327719,1.54725984530569,3.93552067660242,8.30165161590687e-05,0.0076307743946964,"Kirrel3"
"ENSMUSG00000062040",128.315332271092,1.6885657688849,0.428796049200472,3.93792287040279,8.21900029215539e-05,0.0076307743946964,"Zfp27"
"ENSMUSG00000030491",22.0410527126226,3.65392151558558,0.928808682535517,3.93398725086299,8.35482167460688e-05,0.00763194797319524,"Tdrd12"
"ENSMUSG00000050708",22781.7122847622,0.695307977834341,0.176895109734101,3.93062294870383,8.47260536308822e-05,0.00769176586882336,"Ftl1"
"ENSMUSG00000002660",870.227864342539,1.00928716358717,0.25692777929688,3.9282913134159,8.55515424061153e-05,0.00771905849182047,"Clpp"
"ENSMUSG00000071454",102.025486543357,1.69717595623573,0.432250715790957,3.92636933667106,8.62377045048979e-05,0.0077335239033752,"Dtnb"
"ENSMUSG00000003184",1455.41383380319,0.681385271491186,0.174062608885537,3.9145987518736,9.05546708259652e-05,0.00801036088861731,"Irf3"
"ENSMUSG00000057863",9377.09418050116,1.18306815757499,0.302302494983277,3.91352429175431,9.09587453864888e-05,0.00801036088861731,"Rpl36"
"ENSMUSG00000079108",96.2448860046796,-2.32280288442395,0.593230076313471,-3.9155177344659,9.02104129255544e-05,0.00801036088861731,"Srp54c"
"ENSMUSG00000022801",503.07713545928,-0.8856508540511,0.226622079611996,-3.90805192312877,9.30433130863935e-05,0.00803719655979082,"Lrch3"
"ENSMUSG00000039656",1219.95736748105,0.625373990468441,0.159942382990198,3.90999545446792,9.22978579528235e-05,0.00803719655979082,"Rxrb"
"ENSMUSG00000052415",19.2717911787486,5.09986886245834,1.30547191828784,3.90653279554795,9.36299405634099e-05,0.00803719655979082,"Tchh"
"ENSMUSG00000091687",11.4019138646361,6.82897179605708,1.74851237119356,3.90558963640361,9.39959072743606e-05,0.00803719655979082,NA
"ENSMUSG00000092837",54.6816702953969,4.50476248602528,1.15260161474899,3.9083430288325,9.29312965322314e-05,0.00803719655979082,"Rpph1"
"ENSMUSG00000030059",727.770678423793,-0.941263834534299,0.241246641531885,-3.90166606489274,9.55328884235212e-05,0.00804499568046932,"Tmf1"
"ENSMUSG00000034653",459.525418472671,-0.834964746216251,0.213926166979124,-3.90305102927278,9.49876660978947e-05,0.00804499568046932,"Ythdc2"
"ENSMUSG00000040021",1388.02489476193,-0.698664541424763,0.179090943326786,-3.90117182056446,9.57281732564174e-05,0.00804499568046932,"Lats1"
"ENSMUSG00000030275",1737.78904527657,-0.85407423613193,0.21919392892982,-3.8964319874269,9.76202045454467e-05,0.00815738834232889,"Etnk1"
"ENSMUSG00000011837",316.699310425069,1.1023677575715,0.283076854645184,3.89423486760597,9.85091697820085e-05,0.00818516587561581,"Snapc2"
"ENSMUSG00000020361",3509.34417706387,-0.557512832931604,0.143308696603319,-3.89029309557402,0.000100123215688509,0.00827254007376914,"Hspa4"
"ENSMUSG00000029404",1034.25276015476,0.912146692886836,0.234761807609912,3.88541348430273,0.0001021558687923,0.00839333163311932,"Arl6ip4"
"ENSMUSG00000020220",1919.12252801068,-0.669210401805182,0.172453412494946,-3.88052861421222,0.000104229680937623,0.00846909346712496,"Vps13d"
"ENSMUSG00000035342",2549.22499596496,0.857634215903194,0.220975132027321,3.88113453326122,0.000103970303656867,0.00846909346712496,"Lzts2"
"ENSMUSG00000033813",847.46101113189,-0.705259664127915,0.181807047420423,-3.87916570966044,0.000104815336251658,0.00846988544095126,"Tcea1"
"ENSMUSG00000028461",888.144343109389,0.751762034787265,0.19406527804735,3.8737585741837,0.000107169583675364,0.00861280364542937,"Ccdc107"
"ENSMUSG00000027957",6844.67145959171,-0.592073301760119,0.153164357347365,-3.86560758660935,0.000110812986672889,0.00880933294593609,"Slc35a3"
"ENSMUSG00000030303",227.059678086606,-1.37999174092606,0.356941275166874,-3.8661590489385,0.000110562849184584,0.00880933294593609,"Far2"
"ENSMUSG00000040688",625.38996202854,0.872207675560105,0.225944251534347,3.86027823074541,0.000113257990832445,0.00895529715684281,"Tbl3"
"ENSMUSG00000035559",1086.74547285773,1.01960202341081,0.264517487515465,3.85457321928931,0.000115931685077164,0.00911768605577462,"Mpv17l2"
"ENSMUSG00000000959",1646.46663264734,0.641889583556026,0.166882591770648,3.84635435455241,0.000119888341151428,0.00925010912043276,"Oxa1l"
"ENSMUSG00000005871",1617.16521243932,-0.731742858824158,0.190212750604799,-3.8469705973838,0.000119587314400207,0.00925010912043276,"Apc"
"ENSMUSG00000034429",388.765110503328,1.13363210822499,0.294767015974929,3.84585807362317,0.000120131287278348,0.00925010912043276,"Zfp707"
"ENSMUSG00000057841",13110.5303779517,1.02459401252911,0.266169090308257,3.84941020515382,0.000118402578424013,0.00925010912043276,"Rpl32"
"ENSMUSG00000032897",986.748561963733,0.803491692894219,0.209016202359281,3.84415984897231,0.000120966141636121,0.00926588044292933,"Nfyc"
"ENSMUSG00000030660",1211.35305382558,-0.864512746681167,0.22512982948509,-3.84006308119388,0.000123002700620198,0.00937306071513601,"Pik3c2a"
"ENSMUSG00000031490",436.137064746846,0.917491228637611,0.239604807574458,3.82918539041625,0.000128568128943308,0.00974665707406822,"Eif4ebp1"
"ENSMUSG00000091524",21.9685939075179,-3.00791821318634,0.786349746805114,-3.82516586977653,0.000130684068848459,0.00985625949002197,NA
"ENSMUSG00000020859",1016.54014642989,-0.748846084807504,0.195963328321594,-3.82135826749471,0.000132718681379178,0.00990808957890136,"Spag9"
"ENSMUSG00000074280",10.6379303177464,7.08510166154728,1.8540484565468,3.8214220542776,0.000132684352102005,0.00990808957890136,NA
"ENSMUSG00000034768",32.2891399451239,3.55141141597501,0.929740199093955,3.8197890329319,0.000133565864654452,0.00992097561350012,"Asb16"
"ENSMUSG00000026667",1610.33187080872,-0.68814157620251,0.180232058429065,-3.81808642813312,0.000134490812603131,0.00993947930127761,"Uhmk1"
"ENSMUSG00000025494",886.688302806466,0.744281542379766,0.195021961004903,3.81639861759494,0.000135413677386116,0.00995764476658805,"Sigirr"
"ENSMUSG00000060636",5629.30723734761,1.1028518692094,0.289091013301946,3.81489502773822,0.000136240835305742,0.009968626690754,"Rpl35a"
"ENSMUSG00000037685",1476.10022792502,-0.689172499048903,0.180783126257788,-3.81215057685294,0.000137762905088722,0.0100300942828705,"Atp8a1"
"ENSMUSG00000024925",840.518457204042,0.815921117803945,0.214135331344241,3.81030590646567,0.00013879494371886,0.0100382869560364,"Rnaseh2c"
"ENSMUSG00000029102",4408.21289787755,0.756429525149026,0.198563290515272,3.80951344624724,0.000139240534373524,0.0100382869560364,"Hgfac"
"ENSMUSG00000024754",579.794955777118,-0.883313518300583,0.23203694434715,-3.80677965220512,0.000140788077299434,0.010100342696794,"Cemip2"
"ENSMUSG00000042462",580.713571245599,0.843345909456291,0.22189541950977,3.80064586875872,0.000144319431482467,0.0101933096076541,"Dctpp1"
"ENSMUSG00000052926",722.141885719696,0.85031215053081,0.223782506309774,3.79972574511144,0.000144856307064644,0.0101933096076541,"Rnaseh2a"
"ENSMUSG00000075467",423.419517469658,0.940380660047836,0.247310678615346,3.80242642700623,0.000143285825027874,0.0101933096076541,"Dnlz"
"ENSMUSG00000079363",127.792625147989,-1.94573944397752,0.511755114209703,-3.80209086328781,0.000143480083663853,0.0101933096076541,"Gbp4"
"ENSMUSG00000012848",14260.2693126431,0.841840024735935,0.221924311711813,3.79336548682929,0.000148619155433167,0.0103204656753284,"Rps5"
"ENSMUSG00000014470",597.05415878485,1.0346575937765,0.272694943126414,3.79419428139838,0.00014812366218675,0.0103204656753284,"Rnf166"
"ENSMUSG00000030744",17602.1729353979,0.667556820810198,0.176045883327499,3.79194791830684,0.000149470265101309,0.0103204656753284,"Rps3"
"ENSMUSG00000080776",170.022772802569,1.87257968492354,0.49379851449692,3.79219384009553,0.00014932228515942,0.0103204656753284,"Gm12174"
"ENSMUSG00000056820",84.7536485208368,-3.29656784699304,0.869690610194709,-3.79050642648078,0.000150340442584463,0.0103242176158441,"Tsnax"
"ENSMUSG00000062353",503.305575758526,1.3846075448014,0.365376483004766,3.78953657174302,0.000150928590970727,0.0103242176158441,"Gm15772"
"ENSMUSG00000019080",123.353917075991,1.43217072234334,0.378333870897466,3.78546789624204,0.000153419640356386,0.0104460307903767,"Mfsd3"
"ENSMUSG00000028228",1722.70871445975,-0.732162691511991,0.193778083011846,-3.77835656196078,0.000157866738546912,0.010699290893131,"Cpne3"
"ENSMUSG00000020580",2771.46329169075,-0.814316684561933,0.215625845608081,-3.77652633553969,0.000159030751544463,0.0107287397383689,"Rock2"
"ENSMUSG00000054716",478.041966646471,1.09511852475841,0.290175348240096,3.7739888360616,0.000160657953097852,0.0107399841645914,"Zfp771"
"ENSMUSG00000061393",43.2343522236767,2.43442416977981,0.64496779812236,3.77448948128408,0.000160335672959338,0.0107399841645914,"Acvr2b"
"ENSMUSG00000029684",1911.29970505293,-0.597207646947632,0.15855792917873,-3.76649499675571,0.00016555540010401,0.0110172998612202,"Wasl"
"ENSMUSG00000057411",1053.31221754262,0.735074186184469,0.195288361508601,3.7640450281114,0.000167186758949239,0.0110235319990332,"Antkmt"
"ENSMUSG00000067219",657.228647610515,-0.9167558941587,0.243568066451235,-3.76385914424559,0.000167311148526545,0.0110235319990332,"Nipal1"
"ENSMUSG00000073420",1588.72362803459,-1.72246900459533,0.45774013968783,-3.76298439933631,0.000167897679185655,0.0110235319990332,NA
"ENSMUSG00000027642",8065.82930404933,-0.566969887418917,0.150768179121912,-3.76054078997971,0.000169546424329695,0.0110823078338525,"Rpn2"
"ENSMUSG00000021696",2143.93160146471,-0.698054333860218,0.185770846697543,-3.7576096910229,0.000171544176668834,0.0111632752489759,"Elovl7"
"ENSMUSG00000028082",1665.84619799974,-0.638180567150821,0.170064682164406,-3.75257554377971,0.000175027063932596,0.0111959082221161,"Sh3d19"
"ENSMUSG00000060601",2229.2045499722,0.718867280914172,0.191563067869014,3.75264026052096,0.000174981870543603,0.0111959082221161,"Nr1h2"
"ENSMUSG00000062124",125.742930605566,2.30575318299497,0.614276218277205,3.75360971886828,0.000174306184621804,0.0111959082221161,"Defb45"
"ENSMUSG00000069539",923.92115985728,-0.706477319333507,0.188269219842836,-3.75248444712982,0.00017509069770087,0.0111959082221161,"Scyl2"
"ENSMUSG00000059070",16696.0883240085,0.893222409589567,0.238132742997958,3.75094326947398,0.000176170560093571,0.0112161923259574,"Rpl18"
"ENSMUSG00000002265",48.092864602195,-1.90992497603106,0.509518246377548,-3.74849181478738,0.000177901142446023,0.01123475329503,"Peg3"
"ENSMUSG00000045624",402.825861740804,-0.93470285997802,0.249362706077014,-3.74836668515037,0.000177989903973753,0.01123475329503,"Esf1"
"ENSMUSG00000038866",737.553639091876,-0.849103735406927,0.226668970218272,-3.74600782184381,0.00017967099103891,0.0112866267748318,"Zcchc2"
"ENSMUSG00000054452",11110.4509481508,0.674642175538414,0.180141613908019,3.74506567862154,0.000180346589521009,0.0112866267748318,"Tle5"
"ENSMUSG00000056153",810.024705964008,-0.734391362189158,0.19632369428301,-3.74071690567568,0.000183496110241276,0.0114350732767731,"Socs6"
"ENSMUSG00000037563",12554.2202681278,0.966180503237342,0.258422122255579,3.73876854970563,0.000184923880646482,0.0114754241040836,"Rps16"
"ENSMUSG00000045128",18798.678669932,1.16743076186225,0.312420533018472,3.73672866691263,0.000186429909363408,0.011520271752133,"Rpl18a"
"ENSMUSG00000002222",2045.19776180174,-0.597783351706365,0.160052043181604,-3.73493108755935,0.000187766596398876,0.0115543235700346,"Rmnd5a"
"ENSMUSG00000007987",206.13197516652,1.17710568598918,0.31549592437017,3.73096954687786,0.000190744282014555,0.011640150023187,"Ift22"
"ENSMUSG00000061787",8953.78767417994,0.844745857028626,0.226393419344741,3.73131807220195,0.000190480543583235,0.011640150023187,"Rps17"
"ENSMUSG00000039849",946.759033925118,0.615913264558849,0.165442315279443,3.72282788426002,0.00019700382339621,0.0119724596309424,"Pcif1"
"ENSMUSG00000042942",338.664773707688,1.44452989627303,0.388936876923767,3.71404714229801,0.000203970771537476,0.0123061228757728,"Greb1l"
"ENSMUSG00000067370",213.53370886323,1.16495799635183,0.313683296270232,3.71380309440589,0.000204167674011598,0.0123061228757728,"B3galt4"
"ENSMUSG00000087213",34.5629408650185,2.64953194580795,0.713949078594392,3.71109372537366,0.000206365672165853,0.0123878364920131,"2810408I11Rik"
"ENSMUSG00000051554",452.838440931437,-1.02819644174997,0.277250234163354,-3.70855030962448,0.000208449248120259,0.0124620450898563,NA
"ENSMUSG00000031503",37.1587908203187,2.96469767392265,0.801136066193729,3.7006169101938,0.00021507596212485,0.0127545248990733,"Col4a2"
"ENSMUSG00000044876",535.665996106693,0.895540445193325,0.241950223376617,3.70134167555339,0.00021446245719384,0.0127545248990733,"Zfp444"
"ENSMUSG00000066175",21.2068390578403,3.47292819478434,0.939164097793873,3.69789284209475,0.000217396620473819,0.0128403698687087,NA
"ENSMUSG00000036499",1797.36257593961,-0.662720740231191,0.179568896873392,-3.69062099155431,0.000223707250472651,0.0131078188553836,"Eea1"
"ENSMUSG00000045345",31.76849418772,3.07271435927094,0.832364253157699,3.69155012077241,0.000222891461334969,0.0131078188553836,NA
"ENSMUSG00000024254",156.442170946989,1.74156007751712,0.472989243483304,3.68202892880077,0.000231385147114046,0.0135038942801836,"Abcg8"
"ENSMUSG00000028909",149.72978530588,1.4758031435369,0.401102728940736,3.67936450453558,0.000233815876756162,0.0135918185749126,"Ptpru"
"ENSMUSG00000033720",281.252271919507,0.931377025851421,0.253664168345926,3.67169329402995,0.000240948739642837,0.0139513114721543,"Sfxn5"
"ENSMUSG00000051427",140.529696328238,1.44216591608769,0.393149328992162,3.66823954598798,0.000244226313240303,0.0140856328973535,"Ccdc157"
"ENSMUSG00000002963",599.909162019813,0.653133230778295,0.178241990143265,3.66430620670991,0.000248009937309492,0.0142469271902856,"Pnkp"
"ENSMUSG00000037652",874.120923014179,-0.690001139425315,0.188353684656061,-3.66332700464701,0.000248960378588658,0.0142469271902856,"Phc3"
"ENSMUSG00000040325",916.970059099012,-0.75772334859679,0.20714047035647,-3.65801693552601,0.000254174255517579,0.0144208835778454,"Dcaf1"
"ENSMUSG00000040760",1453.07243571189,-0.751486436273006,0.205426896011681,-3.65816964994824,0.000254022888067486,0.0144208835778454,"Appl1"
"ENSMUSG00000047109",155.566680932334,1.81718343941668,0.496872378886611,3.65724382484013,0.000254941846076005,0.0144208835778454,"Cldn14"
"ENSMUSG00000028572",3834.27745319734,-0.779818119312713,0.213367648298232,-3.65480955305245,0.000257372958781,0.0145026210911577,"Hook1"
"ENSMUSG00000036461",1423.82590969618,-0.901285405201837,0.246847714295106,-3.65117986923853,0.000261038335299837,0.0146530183101325,"Elf1"
"ENSMUSG00000024220",484.539987367965,0.803289913908241,0.220542570342955,3.64233495900171,0.000270176196708748,0.0150254139365745,"Zfp523"
"ENSMUSG00000029314",164.793264410505,-1.57261697583797,0.431845695710219,-3.64161780807291,0.000270930092777683,0.0150254139365745,"Gpat3"
"ENSMUSG00000046997",32.2687551782635,3.30166603373267,0.906357858467455,3.64278414192315,0.000269705000685662,0.0150254139365745,"Spsb4"
"ENSMUSG00000064288",14.90307540191,5.99178320501285,1.64571838244503,3.64083142591559,0.000271759033598206,0.0150254139365745,"H4c12"
"ENSMUSG00000000838",1202.5256158177,-0.632107217277296,0.173728079689738,-3.63848618142894,0.000274245340119908,0.0150497246908339,"Fmr1"
"ENSMUSG00000060981",25.011377021705,4.187811697408,1.1507878543426,3.63908228749975,0.00027361136647915,0.0150497246908339,"H4c8"
"ENSMUSG00000006740",3571.54095134162,-0.762722727827275,0.209834651152842,-3.63487500103933,0.000278115448084321,0.0152053676393164,"Kif5b"
"ENSMUSG00000062867",1792.35664194655,0.630640809293129,0.173837964772493,3.62775076272014,0.000285901048232232,0.0155731359864868,"Impdh2"
"ENSMUSG00000020023",1988.76327926754,-0.956220974366717,0.263715630629929,-3.62595486692473,0.000287895638874208,0.015623915722963,"Tmcc3"
"ENSMUSG00000040855",405.939274574211,-1.05669093955902,0.291597233785943,-3.62380303077471,0.000290302718098845,0.0156966252760284,"Reps2"
"ENSMUSG00000023025",1982.71816331154,-0.637959977537087,0.176124520567539,-3.62220987447599,0.000292096981314652,0.0157357886600534,"Larp4"
"ENSMUSG00000036964",7.58377903550432,6.6857681306582,1.8480950820833,3.61765376439482,0.000297285718826768,0.0159568652072455,"Trim17"
"ENSMUSG00000024063",321.124364704077,-0.904125110363589,0.250577030597702,-3.60817233809092,0.000308361639846414,0.0163721106036867,"Lbh"
"ENSMUSG00000029202",1081.20914743978,-0.983755183276179,0.272528394881268,-3.60973462491778,0.000306510422966305,0.0163721106036867,"Pds5a"
"ENSMUSG00000030727",545.926089110071,0.769991045915891,0.213370681476736,3.60870125448722,0.00030773373641162,0.0163721106036867,"Rabep2"
"ENSMUSG00000035247",2265.31288967734,-0.692689941943472,0.192044696473389,-3.60692044437403,0.000309852609387208,0.0163920946987686,"Hectd1"
"ENSMUSG00000062997",6304.53755842282,0.998962640406559,0.277256289587229,3.60302968020594,0.000314529598146936,0.0165798810033942,"Rpl35"
"ENSMUSG00000087141",221.789650365746,-1.24012109701278,0.34436658497403,-3.60116559249297,0.000316793712663796,0.0166395897576659,"Plcxd2"
"ENSMUSG00000022018",177.196760049458,1.58542380273183,0.441044466175189,3.5947028572445,0.000324762019373349,0.0169974199961703,"Rgcc"
"ENSMUSG00000042225",448.354586518708,-0.7535223194696,0.209811210441046,-3.59143020949935,0.000328868248212802,0.0171512954839208,"Ammecr1"
"ENSMUSG00000024713",269.845052518317,-1.33047594554626,0.370653586736278,-3.58954018835086,0.000331261760188181,0.0172150767034897,"Pcsk5"
"ENSMUSG00000067722",644.939753842301,0.773612585364955,0.215645972665756,3.58741958313327,0.000333966683968458,0.0172945352856483,"Uqcc4"
"ENSMUSG00000047112",1472.92155294411,0.819961576875034,0.22877074099438,3.58420649997011,0.000338104517734071,0.0174473794467192,NA
"ENSMUSG00000040952",13264.4712255629,1.06523009083204,0.297319309606475,3.58278139499904,0.000339955091930663,0.0174815368427422,"Rps19"
"ENSMUSG00000032504",4678.49460226755,-0.573471597977038,0.160201857985043,-3.57968131699559,0.000344013484281812,0.017628593426246,"Pdcd6ip"
"ENSMUSG00000040648",1218.18869271372,-0.771063598065975,0.215544166383353,-3.57728817719247,0.000347177355762458,0.0177289492055502,"Ppip5k2"
"ENSMUSG00000035637",582.08697718259,0.813809540038458,0.227652494051047,3.57478859799347,0.000350510993487415,0.0178372497620049,"Grhpr"
"ENSMUSG00000024885",247.367588687163,1.02744818574978,0.287711314580581,3.57110802975397,0.000355474229221956,0.01802744651437,"Aldh3b1"
"ENSMUSG00000070544",1830.74705002221,-0.611511089746039,0.171466123140975,-3.56636680496514,0.000361964647888361,0.0182935191632101,"Top1"
"ENSMUSG00000021890",726.08059129786,-0.615073053224606,0.172510201331705,-3.56543003530518,0.00036326006239881,0.0182961155400661,"Eaf1"
"ENSMUSG00000009076",216.016553433941,1.02326007139752,0.287236973898055,3.56242463326008,0.000367445413766744,0.0184437532432338,"Zmat5"
"ENSMUSG00000092885",69.3688415472549,-1.93716213894182,0.544080056529874,-3.56043585074038,0.000370239753423413,0.018520802903395,NA
"ENSMUSG00000003438",1248.26148440266,0.651783825120772,0.183119868338557,3.55932882124913,0.000371803780091828,0.0185359938773238,"Timm50"
"ENSMUSG00000009470",1973.27617402396,-0.672890598384584,0.1891407571839,-3.55761819082885,0.000374232733506809,0.0185940567962319,"Tnpo1"
"ENSMUSG00000029823",2826.9510036706,-0.709616228666657,0.199653884018823,-3.55423202585808,0.000379084611307781,0.0187717083451298,"Luc7l2"
"ENSMUSG00000039568",711.659849532864,0.727284819569036,0.204697824799471,3.55296799211965,0.000380910809245075,0.0187988431931789,"Ubald1"
"ENSMUSG00000042688",2384.67734025529,-0.574396925008654,0.161972009303441,-3.54627276329312,0.000390721555447152,0.0192185348359909,"Mapk6"
"ENSMUSG00000071654",491.942616440976,0.830283476886297,0.234357575423358,3.54280622414882,0.000395893487568559,0.0194080184055693,"Uqcc3"
"ENSMUSG00000047514",765.478609709367,-0.673474830468875,0.190319400919048,-3.53865568731659,0.000402170047444251,0.0196502155739621,"Tspyl1"
"ENSMUSG00000071661",33.8654059637011,3.13327936985191,0.887356835833714,3.5310252238132,0.000413952270572567,0.0201589272957309,"Zbtb3"
"ENSMUSG00000028034",1531.99726154257,-0.615001055649166,0.174394028019692,-3.5265029578864,0.000421086461573968,0.0204386752157371,"Fubp1"
"ENSMUSG00000020186",3777.28016164383,0.759991794599709,0.215909751840884,3.5199512209147,0.000431626171046484,0.0207929844650456,"Csrp2"
"ENSMUSG00000022414",882.916349688633,0.915102412236427,0.25989953614088,3.52098516920934,0.000429946662787987,0.0207929844650456,"Tab1"
"ENSMUSG00000047067",227.756451204196,0.895378489285475,0.25441684239379,3.51933653786802,0.000432627541055549,0.0207929844650456,"Dusp28"
"ENSMUSG00000004843",2056.21336063582,-0.651233396638962,0.185390983386847,-3.51275657932113,0.000443483576294798,0.0210046934605309,"Chmp2b"
"ENSMUSG00000008976",769.893427318514,-0.639720655569014,0.182025015288838,-3.51446560547682,0.000440639729725885,0.0210046934605309,"Gabpa"
"ENSMUSG00000020372",22084.1835452633,0.752900822498367,0.214410622399409,3.51149030804941,0.000445601710728608,0.0210046934605309,"Rack1"
"ENSMUSG00000039810",317.171949227214,0.877785658073995,0.249853366733279,3.5132032421682,0.000442738673191767,0.0210046934605309,"Zc3h10"
"ENSMUSG00000053746",178.084311744336,-1.03659516868834,0.295169792039456,-3.51186061936098,0.000444981303709936,0.0210046934605309,"Ptrh1"
"ENSMUSG00000064356",59.9080124358814,2.73306428757573,0.777899089635652,3.51339180619921,0.000442424554211345,0.0210046934605309,"ATP8"
"ENSMUSG00000085355",30.8898775854458,2.48100918664332,0.707102164949089,3.50869974612785,0.000450302954148241,0.0211584841746268,"3010003L21Rik"
"ENSMUSG00000053565",2523.79339920982,0.611530618777127,0.174365948156736,3.50716768521471,0.000452903650888946,0.0212129108077189,"Eif3k"
"ENSMUSG00000024423",232.012345652542,-0.960471332963367,0.2739548742498,-3.50594723161443,0.000454985412817056,0.0212427633850808,"Impact"
"ENSMUSG00000005983",69.6967640071911,1.68363450849468,0.48043683774041,3.50438262896981,0.000457667261526847,0.0213003557445422,"1700037C18Rik"
"ENSMUSG00000024424",59.4037289772176,2.84246244738405,0.812138616104967,3.49997203804512,0.000465306964287544,0.0215020998024631,"Ttc39c"
"ENSMUSG00000043557",20.7546864117129,3.75208553611712,1.07219330549909,3.49944876252569,0.000466221197543981,0.0215020998024631,"Mdga1"
"ENSMUSG00000074698",1989.63762460364,-0.596151954691132,0.170360605994087,-3.49935333472472,0.000466388103419171,0.0215020998024631,"Csnk2a1"
"ENSMUSG00000040351",1059.53078425513,-0.575088285179497,0.164444248522268,-3.49716265754117,0.000470235021702829,0.0216117077005734,"Ankib1"
"ENSMUSG00000024811",2061.8233587363,-0.622596761260459,0.178178438331424,-3.49423177737358,0.000475428071740899,0.0217823073242785,"Tnks2"
"ENSMUSG00000032802",1960.42719854895,-0.552049309131589,0.158069572370651,-3.49244513572233,0.000478619907791204,0.021860444049333,"Srxn1"
"ENSMUSG00000075706",2181.29515038139,0.801776246791435,0.22979510802196,3.48909188578032,0.000484664516646809,0.0220679908554942,"Gpx4"
"ENSMUSG00000015533",324.104114701528,-1.05672478843518,0.302953784919367,-3.48807257422592,0.000486516003230051,0.0220839224058776,"Itga2"
"ENSMUSG00000020715",761.002121630747,-0.612981435614228,0.175839741574883,-3.48602329669135,0.000490258307496814,0.0221853197795558,"Ern1"
"ENSMUSG00000020672",7.11710707748104,7.20793465435418,2.06821638810572,3.48509696364795,0.000491958732401146,0.0221939787651032,"Sntg2"
"ENSMUSG00000081051",2660.4527974519,1.29725218724623,0.372516331325085,3.48240353015328,0.000496934233918382,0.0223498831138766,"Gm15427"
"ENSMUSG00000006057",5058.01775409984,0.759893995889397,0.218471403703041,3.47823094011099,0.000504734867162183,0.0224263918167801,"Atp5g1"
"ENSMUSG00000036111",10.3581320845965,5.21169645061511,1.49825424955097,3.47851271049427,0.000504204525639687,0.0224263918167801,"Lmo1"
"ENSMUSG00000039556",31.4421162881397,-2.44256667759479,0.70211155344379,-3.47888688857809,0.000503501059539878,0.0224263918167801,"Ppp1r3f"
"ENSMUSG00000039735",1481.65074624895,-0.599767010019594,0.172372597465007,-3.47948002664027,0.000502387816697132,0.0224263918167801,"Fnbp1l"
"ENSMUSG00000005312",2840.99335260984,-0.527383225468209,0.151687412689837,-3.47677645835107,0.000507480738834021,0.0224804795964818,"Ubqln1"
"ENSMUSG00000022755",3920.5371245788,-0.766244851857716,0.220493782876469,-3.47513132507234,0.000510603316541037,0.022550879808916,"Adgrg7"
"ENSMUSG00000025245",319.454699825315,-1.08846200492744,0.313644116610761,-3.4703727801094,0.000519736487016169,0.0226817938117116,"Lztfl1"
"ENSMUSG00000035725",364.717863008936,-0.968672655950452,0.279095298219828,-3.47075949372491,0.000518988613590024,0.0226817938117116,"Prkx"
"ENSMUSG00000066315",165.579604904498,1.01867925673166,0.293418464872151,3.47176261444733,0.000517053330530282,0.0226817938117116,"Gm12918"
"ENSMUSG00000066324",2481.27990905176,-0.579812812139711,0.166991233849944,-3.47211526480918,0.000516374574963248,0.0226817938117116,"Bpnt2"
"ENSMUSG00000034863",573.431863684887,0.97348436565969,0.280664560291805,3.46849764233705,0.0005233771191736,0.0227225830194852,"Ano8"
"ENSMUSG00000045005",2082.34785281309,-0.785737555792175,0.226548289843051,-3.46830053908825,0.000523761177915651,0.0227225830194852,"Fzd5"
"ENSMUSG00000018800",31.9664703198432,-3.07211110930129,0.886931300072717,-3.4637531780076,0.000532695045540328,0.0228406589934741,"Abca5"
"ENSMUSG00000023019",937.231443028082,0.838440715269323,0.242022982432946,3.46430205446137,0.000531609222241592,0.0228406589934741,"Gpd1"
"ENSMUSG00000025246",1701.87031302767,-0.714279607895747,0.206198238623312,-3.46404320747186,0.000532121033060019,0.0228406589934741,"Tbl1x"
"ENSMUSG00000031403",600.893442049087,-0.715647645818869,0.206519650118236,-3.46527628440754,0.00052968701438942,0.0228406589934741,"Dkc1"
"ENSMUSG00000087590",350.864057049767,1.28980133244312,0.372680103401774,3.46088058007386,0.000538411595345193,0.0230186608509935,"Epb41l4aos"
"ENSMUSG00000026197",781.663945993205,0.846948103743302,0.24516961855851,3.4545393867437,0.000551233693368961,0.0234985331257314,"Zfand2b"
"ENSMUSG00000022292",107.708067953784,-1.61553180168016,0.467959021555107,-3.45229331472544,0.000555843135782486,0.0236265462368585,"Rrm2b"
"ENSMUSG00000009563",1212.04683231926,0.556282594576059,0.161177907209585,3.45135759737038,0.000557774010295481,0.0236402950127252,"Tor2a"
"ENSMUSG00000030431",1536.39209791117,1.07146671612684,0.310726087536294,3.44826765149448,0.000564194653280461,0.0238437090971142,"Tmem238"
"ENSMUSG00000016252",4809.00504001622,0.854289000221326,0.247873944338496,3.44646551093208,0.000567971057855197,0.0239328717321349,"Atp5e"
"ENSMUSG00000032530",12.4048325405996,6.22701215419462,1.80758223124226,3.44493990180193,0.000571186372338297,0.0239328717321349,"Lyzl4"
"ENSMUSG00000052605",309.928109296562,0.979681853410637,0.284322111383761,3.44567592243405,0.000569633053637753,0.0239328717321349,"Isoc2b"
"ENSMUSG00000040146",155.321195017251,1.48940647267952,0.432482933317343,3.4438502838831,0.000573493175809618,0.0239612617517956,"Rgl3"
"ENSMUSG00000020219",1880.2220149432,1.00639813401054,0.292364901681646,3.44226727702904,0.000576859981025439,0.0239958464853179,"Timm13"
"ENSMUSG00000021831",1169.81344066619,-0.614877668009897,0.178664871080478,-3.4415140720804,0.000578468382097968,0.0239958464853179,"Ero1a"
"ENSMUSG00000041560",3512.94586538519,0.717610751622293,0.2085371671474,3.44116476424111,0.000579215713761328,0.0239958464853179,"Nop53"
"ENSMUSG00000021846",167.992223869604,1.40101349038742,0.407729979364023,3.43613067788815,0.000590086274998805,0.0243129067588076,"Peli2"
"ENSMUSG00000067288",5896.95473809382,0.958059985466988,0.278945633757846,3.43457602314968,0.000593481575196296,0.0243129067588076,"Rps28"
"ENSMUSG00000075470",398.206576940168,-1.47401495456797,0.429116581500472,-3.43499882808968,0.00059255639121622,0.0243129067588076,"Alg10b"
"ENSMUSG00000082691",258.653827662799,1.21973294510141,0.355050400016566,3.43537972368007,0.000591724063204779,0.0243129067588076,NA
"ENSMUSG00000029054",20.7301699410936,3.82337209466974,1.11375099594113,3.43287872118935,0.000597209170356387,0.0243766153898799,"Gabrd"
"ENSMUSG00000030265",2520.23359669458,-0.578434896674987,0.168523936069199,-3.43236047155622,0.000598351679863103,0.0243766153898799,"Kras"
"ENSMUSG00000036676",379.412180457348,-0.760775941675516,0.221830173142478,-3.42954220743848,0.00060460039008767,0.0245631434724292,"Tmtc3"
"ENSMUSG00000020368",7971.58054866431,-0.68069853604331,0.19882849213822,-3.42354623687488,0.000618097357635457,0.0250423080957153,"Canx"
"ENSMUSG00000021000",1838.03085230882,-0.670965911109943,0.196103464963116,-3.42148932063053,0.000622791707995131,0.0251631803557263,"Mia2"
"ENSMUSG00000054611",1621.85978016496,-0.663378068194584,0.194019695447628,-3.41912745849892,0.00062822291840067,0.0252439192921275,"Kdm2a"
"ENSMUSG00000074754",132.431007846174,1.42236501416507,0.415995803503315,3.41918116045065,0.000628098940270859,0.0252439192921275,"Smim26"
"ENSMUSG00000040943",493.517514112172,-0.87407801366341,0.255836946978152,-3.41654332569117,0.000634215710890398,0.0253462240762638,"Tet2"
"ENSMUSG00000042699",2454.52933124296,-0.696966205246696,0.203978542209749,-3.41686040941509,0.000633477518857804,0.0253462240762638,"Dhx9"
"ENSMUSG00000033487",2350.28187586459,-0.514168286352226,0.150593118846773,-3.41428805173621,0.000639489269942483,0.0254188343055246,"Fndc3a"
"ENSMUSG00000038708",3348.79268086605,-0.547493708577036,0.160347563999738,-3.41441862239909,0.000639182844602421,0.0254188343055246,"Golga4"
"ENSMUSG00000028467",247.273421067663,0.96320343461882,0.282206218200386,3.41311910404071,0.000642238669135613,0.0254593102613948,"Gba2"
"ENSMUSG00000025903",2259.78832364963,-0.623976440568448,0.183036105816014,-3.40903472452404,0.00065193180783854,0.0257740889727995,"Lypla1"
"ENSMUSG00000006005",2090.58648178038,-0.614194446035368,0.180240163212109,-3.40764475070173,0.000655261433259941,0.0258362731875441,"Tpr"
"ENSMUSG00000002043",1266.90038321049,0.940025433753202,0.276102091437524,3.40462989200467,0.000662537825572772,0.0259838501351967,"Trappc6a"
"ENSMUSG00000037896",1564.57007161262,-0.722299185877523,0.212140901321648,-3.40480869732129,0.000662104189864392,0.0259838501351967,"Rcor1"
"ENSMUSG00000058603",826.913312811306,0.902312620292469,0.265099088028064,3.4036805897912,0.000664844483738191,0.0260049676125999,"Rpl28-ps1"
"ENSMUSG00000022148",51.4998686057344,-1.84791020346031,0.543360105963897,-3.40089414584864,0.000671658310474741,0.0261324835242117,"Fyb"
"ENSMUSG00000068874",10833.2164846558,0.777390152296981,0.228553987200894,3.40134145904736,0.000670560116927679,0.0261324835242117,"Selenbp1"
"ENSMUSG00000001663",372.903063655856,0.994885299236334,0.292794773885126,3.39789295428703,0.000679069856299095,0.0262128093873774,"Gstt1"
"ENSMUSG00000008763",2247.84453424286,-0.646523397162494,0.190243247027972,-3.39840392372736,0.000677802653260322,0.0262128093873774,"Man1a2"
"ENSMUSG00000033577",5612.99838507653,-0.55810127994327,0.164196793705593,-3.39897794194419,0.000676381711453235,0.0262128093873774,"Myo6"
"ENSMUSG00000038766",1466.84236763156,-0.627200955059538,0.184633016942945,-3.39701406305545,0.00068125465776868,0.026213091916654,"Gabpb2"
"ENSMUSG00000042133",1497.61716154136,-0.713595926019555,0.210100068167836,-3.39645737501382,0.000682641885094069,0.026213091916654,"Ppig"
"ENSMUSG00000023806",195.980629291305,2.00080866685314,0.589334944465483,3.39502804923242,0.000686215699158441,0.0262134397078524,"Rsph3b"
"ENSMUSG00000030678",2405.51114999934,0.655714330063897,0.193125749107532,3.39527138713543,0.000685606043579727,0.0262134397078524,"Maz"
"ENSMUSG00000039481",92.7377276328097,4.46587192141122,1.31576188176097,3.39413383478951,0.000688460383098774,0.0262310540265121,"Nrtn"
"ENSMUSG00000022965",2274.79054361702,-0.662628376331289,0.195395402467815,-3.39121784833415,0.000695827681973369,0.0264432499193342,"Ifngr2"
"ENSMUSG00000026103",1482.93466401537,-0.573561703848491,0.169175878711176,-3.3903279132819,0.000698090672350132,0.0264608750470448,"Gls"
"ENSMUSG00000060538",472.103701053998,0.903312467809631,0.266531509414477,3.38913950472142,0.000701123308636151,0.0265075077123698,"Tmem219"
"ENSMUSG00000084416",345.502167574675,1.13836158515572,0.335993563770994,3.3880458077215,0.000703925069373165,0.0265451948596696,"Rpl10a-ps1"
"ENSMUSG00000016344",1572.95543740535,0.787846441417652,0.232726520574593,3.38528861890123,0.000711034494973761,0.0266054974533996,"Ppdpf"
"ENSMUSG00000028053",1237.72532908987,-0.675165298783977,0.199480197474231,-3.38462317228854,0.000712760317987316,0.0266054974533996,"Ash1l"
"ENSMUSG00000042351",29.6537521732226,-2.62591216193341,0.775516650480135,-3.38601648373077,0.000709151238139961,0.0266054974533996,"Grap2"
"ENSMUSG00000045414",413.074565764339,-0.878391416461119,0.259390218882114,-3.38637062047557,0.000708236631822837,0.0266054974533996,"Dipk2a"
"ENSMUSG00000081535",46.5045632971653,2.14246944590517,0.633181809167099,3.38365602878487,0.000715275526033088,0.0266317902819459,NA
"ENSMUSG00000036225",81.3056893929648,-1.2874074286786,0.380783996468165,-3.38093890662296,0.000722386024500447,0.0268286142988083,"Kctd1"
"ENSMUSG00000031278",416.131719375877,-0.937748092199065,0.277537221847488,-3.37881919389672,0.00072797868578619,0.0269391652942143,"Acsl4"
"ENSMUSG00000068545",120.480852270321,1.55520045741936,0.460333137455891,3.37842386497404,0.000729026163534186,0.0269391652942143,NA
"ENSMUSG00000033318",951.924301824889,0.634157234056721,0.187816474896654,3.3764728808038,0.000734216096437718,0.0270629476950113,"Gstt2"
"ENSMUSG00000021738",675.120384593402,-0.779483454535999,0.231017558501783,-3.37413077859181,0.000740491789883264,0.0271891118933802,"Atxn7"
"ENSMUSG00000045932",594.144082453657,-1.3412502746935,0.397546837357518,-3.37381699124751,0.000741336361545215,0.0271891118933802,"Ifit2"
"ENSMUSG00000010406",1780.35017770296,0.805537079393422,0.238892349888498,3.37196682844554,0.000746334368004772,0.0272556857727892,"Mrpl52"
"ENSMUSG00000024038",2297.97174638705,0.690339366210147,0.204787639126974,3.37100114612932,0.000748955462106896,0.0272556857727892,"Ndufv3"
"ENSMUSG00000048833",2520.84054011852,-0.473573475104977,0.140509164553974,-3.37040987047547,0.000750564543277325,0.0272556857727892,"Slc39a9"
"ENSMUSG00000068606",14.552047396942,-5.36322662988584,1.59099397196714,-3.37099116928434,0.000748982586224605,0.0272556857727892,"Gm4841"
"ENSMUSG00000050628",2152.63403783998,0.634108907904107,0.188205112479961,3.36924379762331,0.00075374727427869,0.0273038452286126,"Ubald2"
"ENSMUSG00000025171",127.679431871286,1.19294719005245,0.354289833218851,3.36715050277931,0.000759492269610722,0.0274443557964739,"Ubtd1"
"ENSMUSG00000085583",12.60535560016,5.9958897250711,1.78173074024251,3.36520529710061,0.000764867258178017,0.0275708401128042,NA
"ENSMUSG00000002524",2374.65483617136,0.49476663825084,0.14708802640631,3.3637451690603,0.000768925063136443,0.0276227167599662,"Puf60"
"ENSMUSG00000045934",671.578437538052,-0.619150114013839,0.184088036484049,-3.36333705241887,0.000770062818493652,0.0276227167599662,"Mtmr11"
"ENSMUSG00000062031",704.369963655466,0.756695057021344,0.225085007039371,3.36181901662151,0.000774308560744695,0.0277074355301027,"Pgghg"
"ENSMUSG00000003226",2094.4419792659,-0.791598702573621,0.235515650792647,-3.36112992877302,0.000776243009297348,0.0277092377129517,"Ranbp2"
"ENSMUSG00000000078",2232.59204530583,-0.843498732729235,0.251138570752801,-3.35869846754644,0.000783104653932966,0.0277617932426194,"Klf6"
"ENSMUSG00000028149",1009.36515376926,-0.667687048950605,0.198799102900202,-3.35860192128628,0.000783378268558309,0.0277617932426194,"Rap1gds1"
"ENSMUSG00000033557",2990.31149700052,-0.524747355443826,0.156198248937182,-3.35949576268849,0.000780848487438105,0.0277617932426194,"Fam20b"
"ENSMUSG00000034101",7158.36942001901,-0.748965190846603,0.223297685144668,-3.3541108604031,0.000796204563969526,0.0280377978403262,"Ctnnd1"
"ENSMUSG00000039005",381.027383530255,-0.912875242432583,0.272095583320491,-3.35498000846762,0.000793707202081499,0.0280377978403262,"Tlr4"
"ENSMUSG00000042428",2117.56836872469,-0.596679635577284,0.177907577360886,-3.35387421057912,0.000796885802492444,0.0280377978403262,"Mgat3"
"ENSMUSG00000079724",862.520631500466,2.32716653823048,0.6952408360476,3.34728113995759,0.00081608399742718,0.0286447430791445,NA
"ENSMUSG00000028789",14.9789239723415,6.4991080239789,1.94333871414497,3.34430018641315,0.000824904275090056,0.028869994098218,"Azin2"
"ENSMUSG00000057278",1072.95403478939,1.03055956550396,0.308201188220293,3.34378842422681,0.00082642738256271,0.028869994098218,"Snrpg"
"ENSMUSG00000026797",354.906295785875,-0.871229827376782,0.260821083841926,-3.34033512376937,0.000836773496216612,0.029162151205824,"Stxbp1"
"ENSMUSG00000042444",468.492546332425,-1.11274053555039,0.333235104733387,-3.33920562313106,0.000840183478222669,0.0292117693007584,"Mindy2"
"ENSMUSG00000014353",1585.06375598276,-0.478527981901544,0.143426709759279,-3.33639377703555,0.00084872855318603,0.0293643304198353,"Tmem87b"
"ENSMUSG00000058624",2102.44452140885,-0.919083394152792,0.275514812737088,-3.33587651793457,0.000850309231093779,0.0293643304198353,"Gda"
"ENSMUSG00000066258",483.960503965826,0.916174282505786,0.274649528590668,3.33579411989901,0.000850561280944436,0.0293643304198353,"Trim12a"
"ENSMUSG00000026893",424.566264217297,-0.875075987570376,0.26255782620286,-3.33288860677216,0.000859493468501751,0.0296028186907344,"Gca"
"ENSMUSG00000044134",1346.91303553062,0.724887760811661,0.217537589777931,3.33224139125404,0.000861494961558055,0.0296028186907344,"Pheta1"
"ENSMUSG00000052146",8581.30342118574,0.720848401708455,0.216374909006833,3.33147870525824,0.000863859090422499,0.0296148616383303,"Rps10"
"ENSMUSG00000018379",4722.88385968009,-0.533241917533489,0.16024415603372,-3.32768402125866,0.000875711309220238,0.029813947424487,"Srsf1"
"ENSMUSG00000070343",134.1714349369,1.27078918343339,0.38188530778419,3.32767236007816,0.000875747962696564,0.029813947424487,"Gm10288"
"ENSMUSG00000075232",1552.86182182224,-0.786531634650453,0.236340603590594,-3.32795813627073,0.000874850119212995,0.029813947424487,"Amd1"
"ENSMUSG00000045055",113.600594891365,1.32735369006166,0.399731842793499,3.3206103391352,0.000898208462834068,0.0305079719697474,"Rpsa-ps2"
"ENSMUSG00000009356",943.06457868782,1.18117904413259,0.355967260322099,3.31822382503322,0.000905918593907902,0.0306283787600081,"Lpo"
"ENSMUSG00000036989",187.40919101625,0.947129161919528,0.285432361716793,3.31822627337286,0.000905910652700854,0.0306283787600081,"Trim3"
"ENSMUSG00000001300",1636.03029256932,-0.718404297990059,0.216784916947153,-3.31390351370797,0.000920032492626146,0.0309631987850177,"Efnb2"
"ENSMUSG00000063268",915.844511007246,0.666723493087311,0.201155588456464,3.31446666833027,0.000918181260186447,0.0309631987850177,"Parp10"
"ENSMUSG00000027630",1414.55598711312,-0.709193560032768,0.21416508247272,-3.31143411355632,0.000928190944206298,0.0310954537959955,"Tbl1xr1"
"ENSMUSG00000046230",591.521592892882,-0.797687771422772,0.240849809132286,-3.31197178148746,0.000926408898990529,0.0310954537959955,"Vps13a"
"ENSMUSG00000025612",1401.84429794422,-0.749316638295252,0.226448764007316,-3.30898974688616,0.000936332660075837,0.0312969191630348,"Bach1"
"ENSMUSG00000042878",515.341710080585,1.03594173204526,0.313230611176411,3.30728126524586,0.000942062513321846,0.0314170371506222,NA
"ENSMUSG00000005506",2580.58673266105,-0.484576143030794,0.146755454474677,-3.30192935428105,0.000960222512465747,0.03195020925528,"Celf1"
"ENSMUSG00000084846",34.4297146939918,2.99373182119874,0.906870645745754,3.30116741041593,0.000962834132969937,0.0319647891503135,NA
"ENSMUSG00000028689",277.930309150894,1.27004372283764,0.385017028796008,3.29866896227737,0.00097144397761549,0.0321727962752495,"Ccdc163"
"ENSMUSG00000034636",838.940118813646,-0.699429152287317,0.212071446057046,-3.29808262871548,0.000973474831201877,0.0321727962752495,"Zyg11b"
"ENSMUSG00000019802",1896.47542245157,-0.575498226868049,0.174542189246889,-3.29718694002404,0.000976584773902865,0.0322032113672409,"Sec63"
"ENSMUSG00000045094",62.5616063545566,1.67528521360602,0.508204370986145,3.29647934817093,0.000979048123163575,0.032212216437062,"Arhgef37"
"ENSMUSG00000031583",480.10579997853,-0.88299100538863,0.267999470735122,-3.29474906411788,0.000985096042164794,0.0323388560091911,"Wrn"
"ENSMUSG00000043991",1873.46773227449,-0.557322104892275,0.169216192654045,-3.29355067119195,0.00098930508081033,0.0324046989387027,"Pura"
"ENSMUSG00000013663",1598.88149398538,-0.566701498160975,0.17214387042009,-3.29202252033738,0.000994696461523335,0.0324368090013829,"Pten"
"ENSMUSG00000029238",1725.588807433,-0.705082676959851,0.21415365685949,-3.29241483568253,0.000993309767149089,0.0324368090013829,"Clock"
"ENSMUSG00000004317",618.256206660873,-0.853085958297287,0.259202830703535,-3.29119074811729,0.000997642408864009,0.0324609002370862,"Clcn5"
"ENSMUSG00000021427",4434.80461813869,-0.545133472446274,0.165729110614005,-3.28930427748405,0.00100435381662266,0.0325697124673324,"Ssr1"
"ENSMUSG00000032340",1591.22515758721,-0.617938341623936,0.187879919080058,-3.28900685421641,0.00100541575169436,0.0325697124673324,"Neo1"
"ENSMUSG00000046352",406.00956956566,-0.904860954263582,0.275239115470276,-3.28754491423768,0.00101065066331123,0.0326673391325677,"Gjb2"
"ENSMUSG00000024122",1310.36691606271,-0.64242249321016,0.195601809676216,-3.28433818824875,0.00102222178703676,0.0328249253754358,"Pdpk1"
"ENSMUSG00000029467",6050.18627408249,-0.541498353024854,0.164837561035993,-3.28504225385024,0.00101967078698061,0.0328249253754358,"Atp2a2"
"ENSMUSG00000091956",317.301530923062,1.66629570751946,0.507262515659011,3.28487845263846,0.00102026375190358,0.0328249253754358,"C2cd4b"
"ENSMUSG00000020590",1261.71230488709,-0.667215571474747,0.203357317926852,-3.28100103933681,0.00103439363071473,0.0330771953188354,"Snx13"
"ENSMUSG00000047632",51.1726901884591,-1.9107738533623,0.582384094092951,-3.28095130471976,0.001034576041794,0.0330771953188354,"Fgfbp3"
"ENSMUSG00000019718",32.6834593654148,2.37180907836726,0.723231170262645,3.27946191465437,0.00104005247388898,0.0331391787989145,"L3hypdh"
"ENSMUSG00000021215",5272.42678571569,-0.623167271628532,0.19003641977381,-3.27919917861141,0.00104102132352611,0.0331391787989145,"Net1"
"ENSMUSG00000055041",484.988900424633,0.835082454872547,0.254779984433472,3.27766114253219,0.0010467096668933,0.0332482917300209,"Commd5"
"ENSMUSG00000087030",13.3847631483516,3.84428791877993,1.17330382061952,3.27646416147361,0.00105115652275065,0.033317584008823,"Gm16143"
"ENSMUSG00000049721",960.725047432615,0.937909367302708,0.286396563573359,3.27486250393667,0.0010571341211709,0.0334349925162589,"Gal3st1"
"ENSMUSG00000004610",3134.12323265359,0.618199667249755,0.188903969177275,3.27256049696664,0.0010657806151282,0.0335205646347516,"Etfb"
"ENSMUSG00000036805",2777.99413389642,0.584888815425835,0.178766525697704,3.27180277819399,0.00106864093896872,0.0335205646347516,"Noxa1"
"ENSMUSG00000055652",284.620733871312,1.03508728155974,0.316259206423784,3.27290798349988,0.00106447125324874,0.0335205646347516,"Klhl25"
"ENSMUSG00000067870",1428.52786589164,1.23319650704738,0.376926137301389,3.27171927072099,0.0010689566066294,0.0335205646347516,NA
"ENSMUSG00000025823",3171.10829573577,-0.749098614048763,0.229010713585014,-3.27101995501481,0.00107160348657512,0.0335320691001283,"Pdia4"
"ENSMUSG00000034210",1208.14562931152,-0.607292022396995,0.185751639790175,-3.26937637311301,0.00107784826053791,0.0336558691459257,"Efcab14"
"ENSMUSG00000078607",33.191435664816,2.93713411567591,0.898546749108355,3.26876049419853,0.00108019694405407,0.0336577467292442,"1810010H24Rik"
"ENSMUSG00000055862",287.67792007658,0.92318070038764,0.282522463636324,3.26763645094077,0.00108449574461397,0.0337202514081134,"Izumo4"
"ENSMUSG00000030201",1949.7311000316,-0.667582375179639,0.204351243390238,-3.26683784304065,0.00108755955603755,0.0337441738199246,"Lrp6"
"ENSMUSG00000075420",2853.57053783803,1.0181422012476,0.311824642701673,3.26511141783515,0.00109421026126937,0.0338790532894498,"Smim6"
"ENSMUSG00000020994",2127.37621950783,-0.615164731316585,0.188576899428892,-3.26214256984615,0.00110573517252159,0.0339940222716881,"Pnn"
"ENSMUSG00000023942",456.582099051975,0.818026155529751,0.250756892735326,3.26222799543612,0.00110540199240836,0.0339940222716881,"Slc29a1"
"ENSMUSG00000028040",239.260759171378,0.879249899924706,0.269537869713188,3.26206443962886,0.00110603998024971,0.0339940222716881,"Efna4"
"ENSMUSG00000070572",77.7845305262325,1.47997705203995,0.453733617885131,3.26177517755502,0.00110716914857813,0.0339940222716881,NA
"ENSMUSG00000052459",1259.98826925372,-0.793805284890721,0.243470217441638,-3.26037941408996,0.00111263267090239,0.034090601439503,"Atp6v1a"
"ENSMUSG00000071711",2511.77218899183,0.800706359767357,0.245684802010666,3.2590797363713,0.00111774248220787,0.0341759640038068,"Mpst"
"ENSMUSG00000027598",1408.5780492398,-0.569349079336729,0.174894092835516,-3.25539342184752,0.0011323538740274,0.0345059363953776,"Itch"
"ENSMUSG00000069392",1753.94824465223,0.915896022501652,0.281366176199438,3.2551745731244,0.0011332268497292,0.0345059363953776,NA
"ENSMUSG00000049507",11.7987486173859,5.75023835604535,1.76872631118267,3.2510616932025,0.00114974905715177,0.0349366929411799,NA
"ENSMUSG00000064289",628.847915060124,-0.667081825439977,0.205268122928769,-3.24980720787058,0.00115483269892541,0.0350188134084452,"Tank"
"ENSMUSG00000023982",71.7728881791557,1.64140098503983,0.505356716818886,3.24800468740597,0.00116217356063748,0.0351689023792087,"Guca1a"
"ENSMUSG00000074500",21.3237712105308,-2.43626950831679,0.750976148294364,-3.24413699935758,0.00117807069454405,0.0355767673606968,"Zfp558"
"ENSMUSG00000026827",1173.97185290559,-0.542059219940481,0.167127987155572,-3.24337789957286,0.00118121427026897,0.0355986030181265,"Gpd2"
"ENSMUSG00000039968",551.014302823047,-0.666703203746506,0.205604284035831,-3.24265229624455,0.00118422637439361,0.0356163952724066,"Rsbn1l"
"ENSMUSG00000026632",122.486524847183,1.29879548397029,0.400873300123261,3.23991516414522,0.00119565267166521,0.035718670885505,"Tatdn3"
"ENSMUSG00000029614",16195.6036913704,0.812508895056699,0.250812079827007,3.2395126088708,0.00119734172479458,0.035718670885505,"Rpl6"
"ENSMUSG00000035133",1442.26503090668,-0.886420452772048,0.273569261269716,-3.24020487045184,0.00119443847594763,0.035718670885505,"Arhgap5"
"ENSMUSG00000039450",1507.51752815875,0.811969935411046,0.250586166969054,3.24028235569492,0.00119411391864793,0.035718670885505,"Dcxr"
"ENSMUSG00000044098",189.181087431765,-1.24960891734132,0.385901074448589,-3.23815868905491,0.00120303872879817,0.0358159728429853,"Rsbn1"
"ENSMUSG00000021669",1465.5950187326,-0.596696519494079,0.184442408861757,-3.23513731563392,0.00121584242491325,0.0360030407950713,"Cert1"
"ENSMUSG00000024208",617.746739509687,0.955630169971175,0.295460997862169,3.23436994014679,0.00121911432079592,0.0360030407950713,"Uqcc2"
"ENSMUSG00000025484",577.413124602851,0.946579785499159,0.292632899990578,3.23470049174114,0.00121770393622021,0.0360030407950713,"Bet1l"
"ENSMUSG00000070661",2836.45861459217,0.628032055469244,0.194157041126573,3.2346602102358,0.00121787572709267,0.0360030407950713,"Rnf186"
"ENSMUSG00000036282",697.113925937114,-0.668958042346022,0.20699826616326,-3.23170843285428,0.00123052543874873,0.0361881452098519,"Naa30"
"ENSMUSG00000047694",2337.93883998767,-0.596435795756189,0.184549245192939,-3.23185172138005,0.00122990859055072,0.0361881452098519,"Yipf6"
"ENSMUSG00000062175",55.8893887193028,2.25012295435151,0.696376153568217,3.2311889814462,0.00123276404094212,0.0361881452098519,"Tgif2"
"ENSMUSG00000028403",1003.48454028709,-0.807465874799606,0.250030260375862,-3.2294725989797,0.00124018765075212,0.0363335453777121,"Zdhhc21"
"ENSMUSG00000045667",14.7647828891264,4.13659670517301,1.28341029588214,3.22312881425792,0.00126798517965327,0.0370740716444544,"Smtnl2"
"ENSMUSG00000075268",61.3710160732299,1.48398210600378,0.460806481994389,3.22040197781299,0.00128010961449429,0.0373543097229515,NA
"ENSMUSG00000031256",2202.61453578738,-0.588295048114722,0.18272380080877,-3.21958631284385,0.00128375707601808,0.0373865649841541,"Cstf2"
"ENSMUSG00000025016",8467.62161254966,-0.572974846840151,0.17821121827383,-3.21514466030835,0.00130378800996671,0.0378948819418584,"Tm9sf3"
"ENSMUSG00000001909",1055.89484032476,0.810207465101688,0.252119859515469,3.21358050356988,0.00131091043546363,0.0380230165574902,"Trmt1"
"ENSMUSG00000026663",1004.38020759314,-0.582813109242258,0.181389775884477,-3.21304277708265,0.00131336726804957,0.0380230165574902,"Atf6"
"ENSMUSG00000030629",1671.17436250649,-0.471207379698481,0.146697236885337,-3.21210807853724,0.00131764795120644,0.0380720008219904,"Zfand6"
"ENSMUSG00000051076",42.1377095611437,3.67476481985454,1.1447809326204,3.21001574636905,0.00132727701145997,0.0382750255049839,"Vtcn1"
"ENSMUSG00000022428",324.956557248283,0.795396364898365,0.247835410899094,3.20937335795897,0.00133024632967456,0.0382855827211815,"Cby1"
"ENSMUSG00000039361",3450.84573158705,-0.476661423401044,0.148623564743554,-3.20717259220306,0.00134046547987914,0.0385043472902004,"Picalm"
"ENSMUSG00000027366",6701.123822688,-0.65630438261194,0.204695745014043,-3.2062434056307,0.0013448018188464,0.0385536069196375,"Sppl2a"
"ENSMUSG00000035206",1081.84783038437,0.72038973857805,0.224812038970969,3.20440907824815,0.00135340029445908,0.0387246267132485,"Sppl2b"
"ENSMUSG00000024608",16274.7066737045,0.867456263707203,0.270901135345998,3.20211379918832,0.00136423092702143,0.0388832252784964,"Rps14"
"ENSMUSG00000074800",115.110780449313,1.71792775610609,0.536411122394259,3.20263261589014,0.00136177583973278,0.0388832252784964,NA
"ENSMUSG00000060198",75.6181274168428,1.37848789284884,0.431250202575492,3.19649216305593,0.00139109605406887,0.0395722430700018,"Gm11353"
"ENSMUSG00000069300",28.7150978661187,2.55863278102624,0.800597110916278,3.19590558863984,0.00139392715227246,0.0395762290124923,"H2bc11"
"ENSMUSG00000072568",1326.05972261097,-0.669415029911571,0.209536330120541,-3.19474446043067,0.00139954700559335,0.0396592250698678,"Lratd2"
"ENSMUSG00000009376",1294.05066853728,-0.792111005133706,0.248135561562829,-3.19225104271538,0.00141168580287828,0.039926275197944,"Met"
"ENSMUSG00000040181",122.557452812166,1.53341487691282,0.480529232995862,3.19109592428484,0.00141734214548291,0.0400093108130849,"Fmo1"
"ENSMUSG00000022403",2027.88578810619,-0.535372744118009,0.167839556368475,-3.18978884180706,0.00142376781491609,0.0400370043096959,"St13"
"ENSMUSG00000024120",1361.42298274165,-0.620923440741769,0.194654800564555,-3.1898696509971,0.00142336977618474,0.0400370043096959,"Lrpprc"
"ENSMUSG00000002413",436.820105274155,-0.742051476529387,0.232948457143616,-3.18547495711423,0.00144516611076308,0.0403721616564038,"Braf"
"ENSMUSG00000060019",128.685112480756,1.27237911473953,0.399350052760761,3.18612481942447,0.00144192372678691,0.0403721616564038,NA
"ENSMUSG00000060419",1504.12835136213,0.777615746246921,0.244133948615051,3.18520120064523,0.00144653398550138,0.0403721616564038,NA
"ENSMUSG00000067571",8.75872026741295,4.60323085197193,1.44520517513775,3.1851746251415,0.00144666683843917,0.0403721616564038,"Ms4a15"
"ENSMUSG00000024833",458.270797912391,0.846255058087886,0.265809795192807,3.18368650588684,0.00145412402967903,0.0404682181584106,"Pola2"
"ENSMUSG00000027679",591.258274855781,0.975021129558155,0.306283870106242,3.183390392775,0.00145561211707345,0.0404682181584106,"Dnajc19"
"ENSMUSG00000022601",9165.20423393398,0.819946421016526,0.257697902233231,3.18181255613959,0.00146356507154601,0.040536066868601,"Zbtb11"
"ENSMUSG00000039001",7305.04901431621,1.13321785366791,0.356122415965572,3.18210200443396,0.00146210313890034,0.040536066868601,"Rps21"
"ENSMUSG00000006931",76.8661932201708,1.43494901383167,0.451156364934699,3.1806023927854,0.00146969191289111,0.040629246170845,"P3h4"
"ENSMUSG00000020635",38.9878897721746,-1.77689900924582,0.559097883467704,-3.17815370400783,0.00148216154806685,0.0408585163875006,"Fkbp1b"
"ENSMUSG00000024383",894.194001738944,-0.759190185501939,0.238962671389761,-3.17702418158717,0.00148794628897053,0.0408585163875006,"Map3k2"
"ENSMUSG00000031715",2036.01279478442,-0.644632387668966,0.202953147976806,-3.17626207868742,0.00149186107104972,0.0408585163875006,"Smarca5"
"ENSMUSG00000031731",814.40700750513,-0.673923574980013,0.212194248165821,-3.17597475334661,0.00149333947005305,0.0408585163875006,"Ap1g1"
"ENSMUSG00000040794",44.4509367635173,2.00337218406823,0.630573552108245,3.17706344861785,0.00148774483811107,0.0408585163875006,"C1qtnf4"
"ENSMUSG00000053819",1826.7504549832,-0.644891849578542,0.203103988006816,-3.17518063484258,0.0014974325377618,0.0408585163875006,"Camk2d"
"ENSMUSG00000064284",543.21969425636,0.706912664342815,0.222614325378704,3.1755039265341,0.00149576497293857,0.0408585163875006,"Cdpf1"
"ENSMUSG00000078193",981.375198536132,1.30522005552323,0.411155655274145,3.17451563363017,0.0015008680544765,0.040876419402196,"Gm2000"
"ENSMUSG00000006215",547.882704552193,0.72381358039677,0.228068607508335,3.17366597842852,0.00150526809310427,0.040920476608659,"Zbtb17"
"ENSMUSG00000017776",3490.96468016946,-0.569684496910232,0.179569900043937,-3.17249436999655,0.00151135489669469,0.0410101410806067,"Crk"
"ENSMUSG00000061477",9919.24831419469,0.989273380866189,0.311996250252536,3.17078612344043,0.00152027030936056,0.041176087366051,"Rps7"
"ENSMUSG00000021072",1427.63180025654,-0.507776312832866,0.160296622553488,-3.1677293304382,0.00153634484697674,0.0415349699714832,"Tmx1"
"ENSMUSG00000028217",9505.15731041433,-0.603046003961641,0.190521661914952,-3.16523589968913,0.00154957263489189,0.0418157151217522,"Cdh17"
"ENSMUSG00000014294",2308.28529334083,1.05994296279158,0.335078848908823,3.16326430702285,0.00156010620914629,0.041909295155762,"Ndufa2"
"ENSMUSG00000023104",998.978505305519,0.818232793652327,0.258689843690601,3.16298769978365,0.00156158929389798,0.041909295155762,"Rfc2"
"ENSMUSG00000024870",3396.79970004609,0.602505027001472,0.190474196321389,3.16318450812549,0.00156053393364306,0.041909295155762,"Rab1b"
"ENSMUSG00000022130",272.623968174709,0.991621117476017,0.313585417618562,3.16220417711579,0.00156579735642995,0.0419255409870933,"Tgds"
"ENSMUSG00000032333",272.118733212702,1.11327026840424,0.352211099398624,3.16080404707595,0.0015733430397464,0.0419255409870933,"Stoml1"
"ENSMUSG00000044424",337.859986709018,1.11766027149936,0.353605257846264,3.16075693644035,0.00157359751308054,0.0419255409870933,"Gm9493"
"ENSMUSG00000050965",2114.54138613133,-0.521841468859325,0.165099929219995,-3.16076131179907,0.00157357387749788,0.0419255409870933,"Prkca"
"ENSMUSG00000014301",402.951979938772,0.985824205940808,0.311988787102867,3.15980652732807,0.0015787393541989,0.0419864732047073,"Pam16"
"ENSMUSG00000006784",25.8251873119954,2.45612488163967,0.777739621646265,3.15802977407878,0.00158839333981651,0.0420998590349663,"Odad4"
"ENSMUSG00000091811",1019.36555364761,0.801663103772299,0.253854063532079,3.15796837213518,0.00158872793665644,0.0420998590349663,"Inafm1"
"ENSMUSG00000058444",345.785013877858,0.71964683535629,0.228032653900598,3.15589378558911,0.00160007115990301,0.0423241844400964,"Map2k5"
"ENSMUSG00000023883",661.382133482598,-0.628110662730982,0.199198332403508,-3.15319237441528,0.00161495342020283,0.042641148924458,"Phf10"
"ENSMUSG00000022016",586.996884342241,-0.892140301012579,0.283106314567569,-3.15125539455126,0.00162570268760207,0.0428480455673185,"Akap11"
"ENSMUSG00000049760",1582.38577278365,0.925527807473516,0.294009954035985,3.14794718603384,0.00164421397470091,0.0432584166832314,"Micos13"
"ENSMUSG00000030008",255.303772558156,1.12737597985862,0.358336623320463,3.14613663937555,0.00165442693532545,0.0433719375005908,"Pradc1"
"ENSMUSG00000051238",232.174717818081,0.797737109322602,0.253546449956322,3.14631543632351,0.00165341578328833,0.0433719375005908,"Swsap1"
"ENSMUSG00000060798",213.506845540331,-0.929438716427561,0.295610998009343,-3.14412766333608,0.00166582749508674,0.0435931049292539,"Intu"
"ENSMUSG00000006169",4759.96973858926,-0.550880179138952,0.17535454281163,-3.14152214311734,0.00168072099107215,0.0438081375698303,"Clint1"
"ENSMUSG00000030062",7993.17764828991,-0.549391423663134,0.174931396091236,-3.14061075335269,0.00168595946586822,0.0438081375698303,"Rpn1"
"ENSMUSG00000049517",12326.0472177346,0.811721518371428,0.25844700289711,3.14076584085822,0.0016850669967114,0.0438081375698303,"Rps23"
"ENSMUSG00000066800",3106.05180715189,-0.672987218151681,0.214180176161665,-3.14215456449949,0.00167709477177227,0.0438081375698303,"Rnasel"
"ENSMUSG00000024039",1375.51707548012,0.902194126923195,0.287438331982139,3.13873978011832,0.00169676051822316,0.0440058399163282,"Cbs"
"ENSMUSG00000042179",10.1860102842107,4.42809226286163,1.41100328088633,3.13825794939334,0.00169955239494625,0.0440058399163282,"Pnliprp1"
"ENSMUSG00000021038",959.311038215781,0.563769856203579,0.179741188586414,3.1365646385082,0.0017093975147911,0.0441145022427271,"Vipas39"
"ENSMUSG00000034684",102.573592676552,1.50296039707884,0.479183243649598,3.13650449383801,0.00170974816606748,0.0441145022427271,"Sema3f"
"ENSMUSG00000070583",51.6220572247074,-1.7034630244242,0.543495422840011,-3.13427299078773,0.00172280497621257,0.0443735425309251,"Fv1"
"ENSMUSG00000021678",1799.7012953396,-0.695849642616655,0.222106750432833,-3.13295134551565,0.00173058126602623,0.0444182524946733,"F2rl1"
"ENSMUSG00000054814",380.836460014527,-0.780537999087704,0.249104259332213,-3.13337877553814,0.00172806283109109,0.0444182524946733,"Usp46"
"ENSMUSG00000003585",88.4668994859404,1.66519309411925,0.532560340886393,3.12676886782013,0.00176738815043936,0.0444871687187037,"Sec14l2"
"ENSMUSG00000025144",994.283418870341,0.848992967018861,0.271556096233024,3.12639995491147,0.0017696070341862,0.0444871687187037,"Cenpx"
"ENSMUSG00000030451",1241.00019353754,-0.569869792479672,0.182013966116497,-3.13091244940474,0.00174264103803405,0.0444871687187037,"Herc2"
"ENSMUSG00000035666",546.338767107009,-0.732652079522669,0.234346519238562,-3.1263621149706,0.0017698347731143,0.0444871687187037,"Gtf3c4"
"ENSMUSG00000038644",679.125386126065,0.84641104506776,0.270308297406208,3.13128029435148,0.00174045959203114,0.0444871687187037,"Pold1"
"ENSMUSG00000038845",2840.5068592032,0.561362652636602,0.179433613315258,3.12852559932742,0.00175685706468767,0.0444871687187037,"Phb"
"ENSMUSG00000043458",8.37931487696946,6.6884537047942,2.1366429395947,3.13035630841667,0.00174594391795542,0.0444871687187037,"Pcdhb12"
"ENSMUSG00000045193",744.217638395788,0.864087683203009,0.276373563254891,3.12652076062024,0.00176888014772587,0.0444871687187037,"Cirbp"
"ENSMUSG00000047907",10.8547011823496,3.63508099071435,1.16214712675637,3.12790085439535,0.00176059559754989,0.0444871687187037,"Tshz2"
"ENSMUSG00000051811",49.6631864613389,1.72800054776592,0.552629469452739,3.12687006988089,0.00176677990221974,0.0444871687187037,"Cox6b2"
"ENSMUSG00000051817",42.0202926128417,2.06940509624386,0.662017978657327,3.12590467775652,0.00177258998226425,0.0444871687187037,"Sox12"
"ENSMUSG00000062203",2076.91467304031,-0.618811753728368,0.197836702005422,-3.12789157651551,0.00176065117233614,0.0444871687187037,"Gspt1"
"ENSMUSG00000085175",70.6223583406401,1.42978197219452,0.457185893627699,3.12735364787706,0.00176387614044077,0.0444871687187037,"Gm11423"
"ENSMUSG00000083844",216.130873749428,1.0055375486951,0.321840373912325,3.12433625549114,0.00178206677601385,0.0446488178446946,NA
"ENSMUSG00000037851",1231.9649490358,-0.710843433156828,0.227570878231605,-3.12361334930292,0.00178645041419832,0.0446825276217937,"Iars"
"ENSMUSG00000039145",2152.68455879069,-0.525467088178435,0.168295363451867,-3.12229093779354,0.00179449505788602,0.0448075361907126,"Camk1d"
"ENSMUSG00000040888",687.026710671132,0.687262252025786,0.220182540973195,3.12132946140109,0.00180036491055745,0.0448779097280821,"Gfer"
"ENSMUSG00000039219",724.554430406063,-0.674825649496567,0.216257936140239,-3.12046652040069,0.00180564822220342,0.0449330053212896,"Arid4b"
"ENSMUSG00000047423",661.70062999071,0.742698055531056,0.238046425705792,3.1199714649317,0.00180868560210807,0.0449330053212896,"AI837181"
"ENSMUSG00000050714",157.602755312183,-0.984663253380423,0.31599995984192,-3.11602334972765,0.00183307757202843,0.0454621785022297,"Zbtb26"
"ENSMUSG00000022040",329.889238568428,0.692403942764702,0.22234953633922,3.11403367042942,0.00184548428285308,0.0456928238180474,"Ephx2"
"ENSMUSG00000055991",253.281500809509,0.812395095985676,0.260981044628563,3.11285096257433,0.00185289560985489,0.0457992197212367,"Zkscan5"
"ENSMUSG00000035726",1101.57703716353,-0.572904537686042,0.184164179584199,-3.1108358801344,0.00186558594591528,0.0460355243398926,"Supt16"
"ENSMUSG00000047676",1690.5873556178,0.983310181350523,0.316213116531659,3.10964387605368,0.00187313033698317,0.0461442677822637,"Rpsa-ps10"
"ENSMUSG00000084093",245.272790357735,1.31894589259255,0.424855986369935,3.10445406186204,0.00190630528076432,0.0468829962612054,NA
"ENSMUSG00000021125",99.2809566698404,-1.6307102909396,0.526095826600959,-3.09964498573467,0.00193752723796598,0.0473801346986455,"Arg2"
"ENSMUSG00000028518",2053.57184991523,-0.588211593529124,0.189784984806195,-3.09935790826548,0.00193940579918302,0.0473801346986455,"Prkaa2"
"ENSMUSG00000036402",4481.91309761348,-0.499361210986295,0.161085998401607,-3.09996657649492,0.00193542481483707,0.0473801346986455,"Gng12"
"ENSMUSG00000078143",453.63894615794,-0.896566908717134,0.28921283611003,-3.10002460740034,0.00193504565672011,0.0473801346986455,"Gm17344"
"ENSMUSG00000034949",83.0516556322458,2.08838277591337,0.67407721838686,3.09813582027159,0.00194742155645541,0.0474970627376281,"Zfr2"
"ENSMUSG00000048701",1355.2076103252,-0.518502174130915,0.167412625570107,-3.09715096077854,0.00195390343710295,0.0475762547176708,"Ccdc6"
"ENSMUSG00000091191",20.8086994104652,3.35398226568745,1.08343890251912,3.09568196036625,0.00196360851679189,0.0477335379445592,NA
"ENSMUSG00000037270",1197.53884147178,-0.748327841326169,0.241780309695163,-3.09507354949484,0.00196764098031778,0.0477526334942798,"Bltp1"
"ENSMUSG00000036305",65.3640805888904,1.44937264540265,0.468360683760063,3.09456514105088,0.00197101647031402,0.0477557483178061,NA
"ENSMUSG00000027597",2866.11149792718,0.713083671622277,0.230522249950268,3.09333989138192,0.00197917315673702,0.0478296439787366,"Ahcy"
"ENSMUSG00000056342",1247.76237350751,-0.86709857913904,0.280330428874039,-3.09313042691007,0.00198057069307477,0.0478296439787366,"Usp34"
"ENSMUSG00000024922",458.246979444211,0.757463056543508,0.244936069511847,3.09249290254847,0.00198482979910515,0.0478539210744909,"Ovol1"
"ENSMUSG00000032842",896.451789173657,0.735935662439423,0.238077767386828,3.09115660196728,0.00199378450730294,0.047991143615228,"Abcc10"
"ENSMUSG00000000278",825.033775333336,-0.68855240705098,0.222936530493897,-3.08855801032496,0.00201130422316152,0.0482660515396316,"Scpep1"
"ENSMUSG00000032841",16.4899021569643,-3.53595021195263,1.14488017853769,-3.08848932686472,0.00201176919791896,0.0482660515396316,"Prr5l"
"ENSMUSG00000019971",147.898547925577,-1.35959149239824,0.44042528140407,-3.08699693183798,0.00202189683601615,0.0484300273082891,"Cep290"
"ENSMUSG00000028959",2050.32697956805,0.556578435080839,0.180414766846448,3.08499378853254,0.00203556404240813,0.048599091512494,"Fastk"
"ENSMUSG00000038803",956.164042988162,1.03103674348406,0.334169285332347,3.08537256037353,0.00203297324655045,0.048599091512494,"Ost4"
"ENSMUSG00000075043",636.157014501048,1.03694594930688,0.336250600026765,3.08384862130905,0.00204341541194532,0.0486930774568063,NA
"ENSMUSG00000082329",81.8290405746852,-2.81136450668555,0.911757996419871,-3.08345473001028,0.00204612238174381,0.0486930774568063,NA
"ENSMUSG00000090535",223.684029877091,-1.43470159665479,0.465390984759292,-3.0827876852768,0.00205071406980089,0.0487235086018767,NA
"ENSMUSG00000082585",1187.35451964728,-0.661041770631261,0.214552616574483,-3.08102404522192,0.00206289989043641,0.0489339817558843,NA
"ENSMUSG00000039156",939.762389616497,-0.803725762480472,0.260944293591982,-3.08006644413231,0.00206954419985356,0.0490125387234241,"Stim2"
"ENSMUSG00000024483",1460.00813673615,-0.616327986105627,0.200304037727408,-3.07696236730076,0.00209121700403534,0.049287705894788,"Ankhd1"
"ENSMUSG00000067121",14.6160712106299,3.42025273078363,1.11148295477197,3.07719764491155,0.00208956702245516,0.049287705894788,"Gm7027"
"ENSMUSG00000086003",13.4162896981768,4.60747054150696,1.49710059572004,3.07759582400738,0.00208677734699573,0.049287705894788,"B230206L02Rik"
"ENSMUSG00000025949",232.180555239341,-1.10085811791341,0.358243390495781,-3.07293350587685,0.00211965713043689,0.0498780758677366,"Pikfyve"
